electricity_pricing,electricity_pricing_predicted_6h,electricity_pricing_predicted_12h,electricity_pricing_predicted_24h
0.02026,0.09099,0.0001,0.03
0.02026,0.09099,0.0001,0.03
0.02026,0.09099,0.0001,0.03
0.02026,0.09099,0.0001,0.03
0.01313,0.03793,0.00042,0.01585
0.01313,0.03793,0.00042,0.01585
0.01313,0.03793,0.00042,0.01585
0.01313,0.03793,0.00042,0.01585
0.0122,0.00496,0.00103,0.0158
0.0122,0.00496,0.00103,0.0158
0.0122,0.00496,0.00103,0.0158
0.0122,0.00496,0.00103,0.0158
0.01273,0.00143,0.0036,0.02008
0.01273,0.00143,0.0036,0.02008
0.01273,0.00143,0.0036,0.02008
0.01273,0.00143,0.0036,0.02008
0.01787,0.0,0.0122,0.0286
0.01787,0.0,0.0122,0.0286
0.01787,0.0,0.0122,0.0286
0.01787,0.0,0.0122,0.0286
0.03238,1e-05,0.065,0.06
0.03238,1e-05,0.065,0.06
0.03238,1e-05,0.065,0.06
0.03238,1e-05,0.065,0.06
0.09099,0.0001,0.16086,0.09579
0.09099,0.0001,0.16086,0.09579
0.09099,0.0001,0.16086,0.09579
0.09099,0.0001,0.16086,0.09579
0.03793,0.00042,0.15884,0.0217
0.03793,0.00042,0.15884,0.0217
0.03793,0.00042,0.15884,0.0217
0.03793,0.00042,0.15884,0.0217
0.00496,0.00103,0.1284,0.0002
0.00496,0.00103,0.1284,0.0002
0.00496,0.00103,0.1284,0.0002
0.00496,0.00103,0.1284,0.0002
0.00143,0.0036,0.10425,0.0
0.00143,0.0036,0.10425,0.0
0.00143,0.0036,0.10425,0.0
0.00143,0.0036,0.10425,0.0
0.0,0.0122,0.099,2e-05
0.0,0.0122,0.099,2e-05
0.0,0.0122,0.099,2e-05
0.0,0.0122,0.099,2e-05
1e-05,0.065,0.04739,1e-05
1e-05,0.065,0.04739,1e-05
1e-05,0.065,0.04739,1e-05
1e-05,0.065,0.04739,1e-05
0.0001,0.16086,0.03,0.0
0.0001,0.16086,0.03,0.0
0.0001,0.16086,0.03,0.0
0.0001,0.16086,0.03,0.0
0.00042,0.15884,0.01585,0.0
0.00042,0.15884,0.01585,0.0
0.00042,0.15884,0.01585,0.0
0.00042,0.15884,0.01585,0.0
0.00103,0.1284,0.0158,0.0
0.00103,0.1284,0.0158,0.0
0.00103,0.1284,0.0158,0.0
0.00103,0.1284,0.0158,0.0
0.0036,0.10425,0.02008,0.0
0.0036,0.10425,0.02008,0.0
0.0036,0.10425,0.02008,0.0
0.0036,0.10425,0.02008,0.0
0.0122,0.099,0.0286,2e-05
0.0122,0.099,0.0286,2e-05
0.0122,0.099,0.0286,2e-05
0.0122,0.099,0.0286,2e-05
0.065,0.04739,0.06,0.027
0.065,0.04739,0.06,0.027
0.065,0.04739,0.06,0.027
0.065,0.04739,0.06,0.027
0.16086,0.03,0.09579,0.12522
0.16086,0.03,0.09579,0.12522
0.16086,0.03,0.09579,0.12522
0.16086,0.03,0.09579,0.12522
0.15884,0.01585,0.0217,0.12666
0.15884,0.01585,0.0217,0.12666
0.15884,0.01585,0.0217,0.12666
0.15884,0.01585,0.0217,0.12666
0.1284,0.0158,0.0002,0.10494
0.1284,0.0158,0.0002,0.10494
0.1284,0.0158,0.0002,0.10494
0.1284,0.0158,0.0002,0.10494
0.10425,0.02008,0.0,0.09733
0.10425,0.02008,0.0,0.09733
0.10425,0.02008,0.0,0.09733
0.10425,0.02008,0.0,0.09733
0.099,0.0286,2e-05,0.05468
0.099,0.0286,2e-05,0.05468
0.099,0.0286,2e-05,0.05468
0.099,0.0286,2e-05,0.05468
0.04739,0.06,1e-05,0.04739
0.04739,0.06,1e-05,0.01329
0.04739,0.06,1e-05,0.0036
0.04739,0.06,1e-05,0.002
0.03,0.09579,0.0,0.02026
0.03,0.09579,0.0,0.03
0.03,0.09579,0.0,0.037
0.03,0.09579,0.0,0.01063
0.01585,0.0217,0.0,0.01313
0.01585,0.0217,0.0,0.01585
0.01585,0.0217,0.0,0.02161
0.01585,0.0217,0.0,0.007
0.0158,0.0002,0.0,0.0122
0.0158,0.0002,0.0,0.0158
0.0158,0.0002,0.0,0.0208
0.0158,0.0002,0.0,0.005
0.02008,0.0,0.0,0.01273
0.02008,0.0,0.0,0.02008
0.02008,0.0,0.0,0.0208
0.02008,0.0,0.0,0.00496
0.0286,2e-05,2e-05,0.01787
0.0286,2e-05,2e-05,0.0286
0.0286,2e-05,2e-05,0.0295
0.0286,2e-05,2e-05,0.00496
0.06,1e-05,0.027,0.03238
0.06,1e-05,0.027,0.06
0.06,1e-05,0.027,0.0514
0.06,1e-05,0.027,0.005
0.09579,0.0,0.12522,0.09099
0.09579,0.0,0.12522,0.09579
0.09579,0.0,0.12522,0.0869
0.09579,0.0,0.12522,0.00352
0.0217,0.0,0.12666,0.03793
0.0217,0.0,0.12666,0.0217
0.0217,0.0,0.12666,0.02008
0.0217,0.0,0.12666,0.0
0.0002,0.0,0.10494,0.00496
0.0002,0.0,0.10494,0.0002
0.0002,0.0,0.10494,2e-05
0.0002,0.0,0.10494,-0.00101
0.0,0.0,0.09733,0.00143
0.0,0.0,0.09733,0.0
0.0,0.0,0.09733,0.0
0.0,0.0,0.09733,0.00087
2e-05,2e-05,0.05468,0.0
2e-05,2e-05,0.05468,2e-05
2e-05,2e-05,0.05468,0.0
2e-05,2e-05,0.05468,0.0011
1e-05,0.027,0.04739,1e-05
1e-05,0.027,0.01329,1e-05
1e-05,0.027,0.0036,0.0
1e-05,0.027,0.002,0.00087
0.0,0.12522,0.02026,0.0001
0.0,0.12522,0.03,0.0
0.0,0.12522,0.037,-2e-05
0.0,0.12522,0.01063,0.0005
0.0,0.12666,0.01313,0.00042
0.0,0.12666,0.01585,0.0
0.0,0.12666,0.02161,-0.0001
0.0,0.12666,0.007,0.0001
0.0,0.10494,0.0122,0.00103
0.0,0.10494,0.0158,0.0
0.0,0.10494,0.0208,-2e-05
0.0,0.10494,0.005,0.0001
0.0,0.09733,0.01273,0.0036
0.0,0.09733,0.02008,0.0
0.0,0.09733,0.0208,-2e-05
0.0,0.09733,0.00496,0.0001
2e-05,0.05468,0.01787,0.0122
2e-05,0.05468,0.0286,2e-05
2e-05,0.05468,0.0295,0.0
2e-05,0.05468,0.00496,2e-05
0.027,0.04739,0.03238,0.065
0.027,0.01329,0.06,0.027
0.027,0.0036,0.0514,0.00352
0.027,0.002,0.005,0.0
0.12522,0.02026,0.09099,0.16086
0.12522,0.03,0.09579,0.12522
0.12522,0.037,0.0869,0.062
0.12522,0.01063,0.00352,0.01113
0.12666,0.01313,0.03793,0.15884
0.12666,0.01585,0.0217,0.12666
0.12666,0.02161,0.02008,0.08536
0.12666,0.007,0.0,0.02016
0.10494,0.0122,0.00496,0.1284
0.10494,0.0158,0.0002,0.10494
0.10494,0.0208,2e-05,0.06353
0.10494,0.005,-0.00101,0.01858
0.09733,0.01273,0.00143,0.10425
0.09733,0.02008,0.0,0.09733
0.09733,0.0208,0.0,0.05
0.09733,0.00496,0.00087,0.01113
0.05468,0.01787,0.0,0.099
0.05468,0.0286,2e-05,0.05468
0.05468,0.0295,0.0,0.0208
0.05468,0.00496,0.0011,0.006
0.04739,0.03238,1e-05,0.0514
0.01329,0.06,1e-05,0.0514
0.0036,0.0514,0.0,0.0514
0.002,0.005,0.00087,0.0514
0.02026,0.09099,0.0001,0.037
0.03,0.09579,0.0,0.037
0.037,0.0869,-2e-05,0.037
0.01063,0.00352,0.0005,0.037
0.01313,0.03793,0.00042,0.02161
0.01585,0.0217,0.0,0.02161
0.02161,0.02008,-0.0001,0.02161
0.007,0.0,0.0001,0.02161
0.0122,0.00496,0.00103,0.0208
0.0158,0.0002,0.0,0.0208
0.0208,2e-05,-2e-05,0.0208
0.005,-0.00101,0.0001,0.0208
0.01273,0.00143,0.0036,0.0208
0.02008,0.0,0.0,0.0208
0.0208,0.0,-2e-05,0.0208
0.00496,0.00087,0.0001,0.0208
0.01787,0.0,0.0122,0.0295
0.0286,2e-05,2e-05,0.0295
0.0295,0.0,0.0,0.0295
0.00496,0.0011,2e-05,0.0295
0.03238,1e-05,0.065,0.0514
0.06,1e-05,0.027,0.0514
0.0514,0.0,0.00352,0.0514
0.005,0.00087,0.0,0.0514
0.09099,0.0001,0.16086,0.0869
0.09579,0.0,0.12522,0.0869
0.0869,-2e-05,0.062,0.0869
0.00352,0.0005,0.01113,0.0869
0.03793,0.00042,0.15884,0.02008
0.0217,0.0,0.12666,0.02008
0.02008,-0.0001,0.08536,0.02008
0.0,0.0001,0.02016,0.02008
0.00496,0.00103,0.1284,2e-05
0.0002,0.0,0.10494,2e-05
2e-05,-2e-05,0.06353,2e-05
-0.00101,0.0001,0.01858,2e-05
0.00143,0.0036,0.10425,0.0
0.0,0.0,0.09733,0.0
0.0,-2e-05,0.05,0.0
0.00087,0.0001,0.01113,0.0
0.0,0.0122,0.099,0.0
2e-05,2e-05,0.05468,0.0
0.0,0.0,0.0208,0.0
0.0011,2e-05,0.006,0.0
1e-05,0.065,0.0514,0.0
1e-05,0.027,0.0514,0.0
0.0,0.00352,0.0514,0.0
0.00087,0.0,0.0514,0.0
0.0001,0.16086,0.037,-2e-05
0.0,0.12522,0.037,-2e-05
-2e-05,0.062,0.037,-2e-05
0.0005,0.01113,0.037,-2e-05
0.00042,0.15884,0.02161,-0.0001
0.0,0.12666,0.02161,-0.0001
-0.0001,0.08536,0.02161,-0.0001
0.0001,0.02016,0.02161,-0.0001
0.00103,0.1284,0.0208,-2e-05
0.0,0.10494,0.0208,-2e-05
-2e-05,0.06353,0.0208,-2e-05
0.0001,0.01858,0.0208,-2e-05
0.0036,0.10425,0.0208,-2e-05
0.0,0.09733,0.0208,-2e-05
-2e-05,0.05,0.0208,-2e-05
0.0001,0.01113,0.0208,-2e-05
0.0122,0.099,0.0295,0.0
2e-05,0.05468,0.0295,0.0
0.0,0.0208,0.0295,0.0
2e-05,0.006,0.0295,0.0
0.065,0.0514,0.0514,0.00352
0.027,0.0514,0.0514,0.00352
0.00352,0.0514,0.0514,0.00352
0.0,0.0514,0.0514,0.00352
0.16086,0.037,0.0869,0.062
0.12522,0.037,0.0869,0.062
0.062,0.037,0.0869,0.062
0.01113,0.037,0.0869,0.062
0.15884,0.02161,0.02008,0.08536
0.12666,0.02161,0.02008,0.08536
0.08536,0.02161,0.02008,0.08536
0.02016,0.02161,0.02008,0.08536
0.1284,0.0208,2e-05,0.06353
0.10494,0.0208,2e-05,0.06353
0.06353,0.0208,2e-05,0.06353
0.01858,0.0208,2e-05,0.06353
0.10425,0.0208,0.0,0.05
0.09733,0.0208,0.0,0.05
0.05,0.0208,0.0,0.05
0.01113,0.0208,0.0,0.05
0.099,0.0295,0.0,0.0208
0.05468,0.0295,0.0,0.0208
0.0208,0.0295,0.0,0.0208
0.006,0.0295,0.0,0.0208
0.0514,0.0514,0.0,0.01329
0.0514,0.0514,0.0,0.01329
0.0514,0.0514,0.0,0.01329
0.0514,0.0514,0.0,0.01329
0.037,0.0869,-2e-05,0.01063
0.037,0.0869,-2e-05,0.01063
0.037,0.0869,-2e-05,0.01063
0.037,0.0869,-2e-05,0.01063
0.02161,0.02008,-0.0001,0.007
0.02161,0.02008,-0.0001,0.007
0.02161,0.02008,-0.0001,0.007
0.02161,0.02008,-0.0001,0.007
0.0208,2e-05,-2e-05,0.005
0.0208,2e-05,-2e-05,0.005
0.0208,2e-05,-2e-05,0.005
0.0208,2e-05,-2e-05,0.005
0.0208,0.0,-2e-05,0.00496
0.0208,0.0,-2e-05,0.00496
0.0208,0.0,-2e-05,0.00496
0.0208,0.0,-2e-05,0.00496
0.0295,0.0,0.0,0.00496
0.0295,0.0,0.0,0.00496
0.0295,0.0,0.0,0.00496
0.0295,0.0,0.0,0.00496
0.0514,0.0,0.00352,0.005
0.0514,0.0,0.00352,0.005
0.0514,0.0,0.00352,0.005
0.0514,0.0,0.00352,0.005
0.0869,-2e-05,0.062,0.00352
0.0869,-2e-05,0.062,0.00352
0.0869,-2e-05,0.062,0.00352
0.0869,-2e-05,0.062,0.00352
0.02008,-0.0001,0.08536,0.0
0.02008,-0.0001,0.08536,0.0
0.02008,-0.0001,0.08536,0.0
0.02008,-0.0001,0.08536,0.0
2e-05,-2e-05,0.06353,-0.00101
2e-05,-2e-05,0.06353,-0.00101
2e-05,-2e-05,0.06353,-0.00101
2e-05,-2e-05,0.06353,-0.00101
0.0,-2e-05,0.05,0.00087
0.0,-2e-05,0.05,0.00087
0.0,-2e-05,0.05,0.00087
0.0,-2e-05,0.05,0.00087
0.0,0.0,0.0208,0.0011
0.0,0.0,0.0208,0.0011
0.0,0.0,0.0208,0.0011
0.0,0.0,0.0208,0.0011
0.0,0.00352,0.01329,0.00087
0.0,0.00352,0.01329,0.00087
0.0,0.00352,0.01329,0.00087
0.0,0.00352,0.01329,0.00087
-2e-05,0.062,0.01063,0.0005
-2e-05,0.062,0.01063,0.0005
-2e-05,0.062,0.01063,0.0005
-2e-05,0.062,0.01063,0.0005
-0.0001,0.08536,0.007,0.0001
-0.0001,0.08536,0.007,0.0001
-0.0001,0.08536,0.007,0.0001
-0.0001,0.08536,0.007,0.0001
-2e-05,0.06353,0.005,0.0001
-2e-05,0.06353,0.005,0.0001
-2e-05,0.06353,0.005,0.0001
-2e-05,0.06353,0.005,0.0001
-2e-05,0.05,0.00496,0.0001
-2e-05,0.05,0.00496,0.0001
-2e-05,0.05,0.00496,0.0001
-2e-05,0.05,0.00496,0.0001
0.0,0.0208,0.00496,2e-05
0.0,0.0208,0.00496,2e-05
0.0,0.0208,0.00496,2e-05
0.0,0.0208,0.00496,2e-05
0.00352,0.01329,0.005,0.0
0.00352,0.01329,0.005,0.0
0.00352,0.01329,0.005,0.0
0.00352,0.01329,0.005,0.0
0.062,0.01063,0.00352,0.01113
0.062,0.01063,0.00352,0.01113
0.062,0.01063,0.00352,0.01113
0.062,0.01063,0.00352,0.01113
0.08536,0.007,0.0,0.02016
0.08536,0.007,0.0,0.02016
0.08536,0.007,0.0,0.02016
0.08536,0.007,0.0,0.02016
0.06353,0.005,-0.00101,0.01858
0.06353,0.005,-0.00101,0.01858
0.06353,0.005,-0.00101,0.01858
0.06353,0.005,-0.00101,0.01858
0.05,0.00496,0.00087,0.01113
0.05,0.00496,0.00087,0.01113
0.05,0.00496,0.00087,0.01113
0.05,0.00496,0.00087,0.01113
0.0208,0.00496,0.0011,0.006
0.0208,0.00496,0.0011,0.006
0.0208,0.00496,0.0011,0.006
0.0208,0.00496,0.0011,0.006
0.01329,0.005,0.00087,0.0036
0.01329,0.005,0.00087,0.0036
0.01329,0.005,0.00087,0.0036
0.01329,0.005,0.00087,0.0036
0.01063,0.00352,0.0005,0.0032
0.01063,0.00352,0.0005,0.0032
0.01063,0.00352,0.0005,0.0032
0.01063,0.00352,0.0005,0.0032
0.007,0.0,0.0001,0.00065
0.007,0.0,0.0001,0.00065
0.007,0.0,0.0001,0.00065
0.007,0.0,0.0001,0.00065
0.005,-0.00101,0.0001,0.0001
0.005,-0.00101,0.0001,0.0001
0.005,-0.00101,0.0001,0.0001
0.005,-0.00101,0.0001,0.0001
0.00496,0.00087,0.0001,9e-05
0.00496,0.00087,0.0001,9e-05
0.00496,0.00087,0.0001,9e-05
0.00496,0.00087,0.0001,9e-05
0.00496,0.0011,2e-05,0.00017
0.00496,0.0011,2e-05,0.00017
0.00496,0.0011,2e-05,0.00017
0.00496,0.0011,2e-05,0.00017
0.005,0.00087,0.0,0.00013
0.005,0.00087,0.0,0.00013
0.005,0.00087,0.0,0.00013
0.005,0.00087,0.0,0.00013
0.00352,0.0005,0.01113,0.0
0.00352,0.0005,0.01113,0.0
0.00352,0.0005,0.01113,0.0
0.00352,0.0005,0.01113,0.0
0.0,0.0001,0.02016,-0.00153
0.0,0.0001,0.02016,-0.00153
0.0,0.0001,0.02016,-0.00153
0.0,0.0001,0.02016,-0.00153
-0.00101,0.0001,0.01858,-0.00231
-0.00101,0.0001,0.01858,-0.00231
-0.00101,0.0001,0.01858,-0.00231
-0.00101,0.0001,0.01858,-0.00231
0.00087,0.0001,0.01113,-0.0038
0.00087,0.0001,0.01113,-0.0038
0.00087,0.0001,0.01113,-0.0038
0.00087,0.0001,0.01113,-0.0038
0.0011,2e-05,0.006,-0.004
0.0011,2e-05,0.006,-0.004
0.0011,2e-05,0.006,-0.004
0.0011,2e-05,0.006,-0.004
0.00087,0.0,0.0036,-0.00343
0.00087,0.0,0.0036,-0.00343
0.00087,0.0,0.0036,-0.00343
0.00087,0.0,0.0036,-0.00343
0.0005,0.01113,0.0032,-0.00343
0.0005,0.01113,0.0032,-0.00343
0.0005,0.01113,0.0032,-0.00343
0.0005,0.01113,0.0032,-0.00343
0.0001,0.02016,0.00065,-0.00203
0.0001,0.02016,0.00065,-0.00203
0.0001,0.02016,0.00065,-0.00203
0.0001,0.02016,0.00065,-0.00203
0.0001,0.01858,0.0001,-0.002
0.0001,0.01858,0.0001,-0.002
0.0001,0.01858,0.0001,-0.002
0.0001,0.01858,0.0001,-0.002
0.0001,0.01113,9e-05,-0.00151
0.0001,0.01113,9e-05,-0.00151
0.0001,0.01113,9e-05,-0.00151
0.0001,0.01113,9e-05,-0.00151
2e-05,0.006,0.00017,-0.00151
2e-05,0.006,0.00017,-0.00151
2e-05,0.006,0.00017,-0.00151
2e-05,0.006,0.00017,-0.00151
0.0,0.0036,0.00013,2e-05
0.0,0.0036,0.00013,2e-05
0.0,0.0036,0.00013,2e-05
0.0,0.0036,0.00013,2e-05
0.01113,0.0032,0.0,0.02546
0.01113,0.0032,0.0,0.02546
0.01113,0.0032,0.0,0.02546
0.01113,0.0032,0.0,0.02546
0.02016,0.00065,-0.00153,0.03501
0.02016,0.00065,-0.00153,0.03501
0.02016,0.00065,-0.00153,0.03501
0.02016,0.00065,-0.00153,0.03501
0.01858,0.0001,-0.00231,0.02563
0.01858,0.0001,-0.00231,0.02563
0.01858,0.0001,-0.00231,0.02563
0.01858,0.0001,-0.00231,0.02563
0.01113,9e-05,-0.0038,0.01063
0.01113,9e-05,-0.0038,0.01063
0.01113,9e-05,-0.0038,0.01063
0.01113,9e-05,-0.0038,0.01063
0.006,0.00017,-0.004,0.00065
0.006,0.00017,-0.004,0.00065
0.006,0.00017,-0.004,0.00065
0.006,0.00017,-0.004,0.00065
0.0036,0.00013,-0.00343,0.002
0.0036,0.00013,-0.00343,0.002
0.0036,0.00013,-0.00343,0.002
0.0036,0.00013,-0.00343,0.002
0.0032,0.0,-0.00343,0.003
0.0032,0.0,-0.00343,0.003
0.0032,0.0,-0.00343,0.003
0.0032,0.0,-0.00343,0.003
0.00065,-0.00153,-0.00203,0.00065
0.00065,-0.00153,-0.00203,0.00065
0.00065,-0.00153,-0.00203,0.00065
0.00065,-0.00153,-0.00203,0.00065
0.0001,-0.00231,-0.002,0.00065
0.0001,-0.00231,-0.002,0.00065
0.0001,-0.00231,-0.002,0.00065
0.0001,-0.00231,-0.002,0.00065
9e-05,-0.0038,-0.00151,0.001
9e-05,-0.0038,-0.00151,0.001
9e-05,-0.0038,-0.00151,0.001
9e-05,-0.0038,-0.00151,0.001
0.00017,-0.004,-0.00151,0.00744
0.00017,-0.004,-0.00151,0.00744
0.00017,-0.004,-0.00151,0.00744
0.00017,-0.004,-0.00151,0.00744
0.00013,-0.00343,2e-05,0.02
0.00013,-0.00343,2e-05,0.02
0.00013,-0.00343,2e-05,0.02
0.00013,-0.00343,2e-05,0.02
0.0,-0.00343,0.02546,0.04016
0.0,-0.00343,0.02546,0.04016
0.0,-0.00343,0.02546,0.04016
0.0,-0.00343,0.02546,0.04016
-0.00153,-0.00203,0.03501,0.00015
-0.00153,-0.00203,0.03501,0.00015
-0.00153,-0.00203,0.03501,0.00015
-0.00153,-0.00203,0.03501,0.00015
-0.00231,-0.002,0.02563,-1e-05
-0.00231,-0.002,0.02563,-1e-05
-0.00231,-0.002,0.02563,-1e-05
-0.00231,-0.002,0.02563,-1e-05
-0.0038,-0.00151,0.01063,-0.0001
-0.0038,-0.00151,0.01063,-0.0001
-0.0038,-0.00151,0.01063,-0.0001
-0.0038,-0.00151,0.01063,-0.0001
-0.004,-0.00151,0.00065,-0.0001
-0.004,-0.00151,0.00065,-0.0001
-0.004,-0.00151,0.00065,-0.0001
-0.004,-0.00151,0.00065,-0.0001
-0.00343,2e-05,0.002,-0.0001
-0.00343,2e-05,0.002,-0.0001
-0.00343,2e-05,0.002,-0.0001
-0.00343,2e-05,0.002,-0.0001
-0.00343,0.02546,0.003,-2e-05
-0.00343,0.02546,0.003,-2e-05
-0.00343,0.02546,0.003,-2e-05
-0.00343,0.02546,0.003,-2e-05
-0.00203,0.03501,0.00065,0.0
-0.00203,0.03501,0.00065,0.0
-0.00203,0.03501,0.00065,0.0
-0.00203,0.03501,0.00065,0.0
-0.002,0.02563,0.00065,2e-05
-0.002,0.02563,0.00065,2e-05
-0.002,0.02563,0.00065,2e-05
-0.002,0.02563,0.00065,2e-05
-0.00151,0.01063,0.001,0.00012
-0.00151,0.01063,0.001,0.00012
-0.00151,0.01063,0.001,0.00012
-0.00151,0.01063,0.001,0.00012
-0.00151,0.00065,0.00744,0.0002
-0.00151,0.00065,0.00744,0.0002
-0.00151,0.00065,0.00744,0.0002
-0.00151,0.00065,0.00744,0.0002
2e-05,0.002,0.02,0.055
2e-05,0.002,0.02,0.055
2e-05,0.002,0.02,0.055
2e-05,0.002,0.02,0.055
0.02546,0.003,0.04016,0.14679
0.02546,0.003,0.04016,0.14679
0.02546,0.003,0.04016,0.14679
0.02546,0.003,0.04016,0.14679
0.03501,0.00065,0.00015,0.19725
0.03501,0.00065,0.00015,0.19725
0.03501,0.00065,0.00015,0.19725
0.03501,0.00065,0.00015,0.19725
0.02563,0.00065,-1e-05,0.11985
0.02563,0.00065,-1e-05,0.11985
0.02563,0.00065,-1e-05,0.11985
0.02563,0.00065,-1e-05,0.11985
0.01063,0.001,-0.0001,0.09501
0.01063,0.001,-0.0001,0.09501
0.01063,0.001,-0.0001,0.09501
0.01063,0.001,-0.0001,0.09501
0.00065,0.00744,-0.0001,0.09
0.00065,0.00744,-0.0001,0.09
0.00065,0.00744,-0.0001,0.09
0.00065,0.00744,-0.0001,0.09
0.002,0.02,-0.0001,0.07578
0.002,0.02,-0.0001,0.07578
0.002,0.02,-0.0001,0.07578
0.002,0.02,-0.0001,0.07578
0.003,0.04016,-2e-05,0.07003
0.003,0.04016,-2e-05,0.07003
0.003,0.04016,-2e-05,0.07003
0.003,0.04016,-2e-05,0.07003
0.00065,0.00015,0.0,0.06048
0.00065,0.00015,0.0,0.06048
0.00065,0.00015,0.0,0.06048
0.00065,0.00015,0.0,0.06048
0.00065,-1e-05,2e-05,0.06159
0.00065,-1e-05,2e-05,0.06159
0.00065,-1e-05,2e-05,0.06159
0.00065,-1e-05,2e-05,0.06159
0.001,-0.0001,0.00012,0.0682
0.001,-0.0001,0.00012,0.0682
0.001,-0.0001,0.00012,0.0682
0.001,-0.0001,0.00012,0.0682
0.00744,-0.0001,0.0002,0.0842
0.00744,-0.0001,0.0002,0.0842
0.00744,-0.0001,0.0002,0.0842
0.00744,-0.0001,0.0002,0.0842
0.02,-0.0001,0.055,0.1555
0.02,-0.0001,0.055,0.1555
0.02,-0.0001,0.055,0.1555
0.02,-0.0001,0.055,0.1555
0.04016,-2e-05,0.14679,0.15937
0.04016,-2e-05,0.14679,0.15937
0.04016,-2e-05,0.14679,0.15937
0.04016,-2e-05,0.14679,0.15937
0.00015,0.0,0.19725,0.08797
0.00015,0.0,0.19725,0.08797
0.00015,0.0,0.19725,0.08797
0.00015,0.0,0.19725,0.08797
-1e-05,2e-05,0.11985,0.0381
-1e-05,2e-05,0.11985,0.0381
-1e-05,2e-05,0.11985,0.0381
-1e-05,2e-05,0.11985,0.0381
-0.0001,0.00012,0.09501,0.012
-0.0001,0.00012,0.09501,0.012
-0.0001,0.00012,0.09501,0.012
-0.0001,0.00012,0.09501,0.012
-0.0001,0.0002,0.09,0.00826
-0.0001,0.0002,0.09,0.00826
-0.0001,0.0002,0.09,0.00826
-0.0001,0.0002,0.09,0.00826
-0.0001,0.055,0.07578,0.00648
-0.0001,0.055,0.07578,0.00648
-0.0001,0.055,0.07578,0.00648
-0.0001,0.055,0.07578,0.00648
-2e-05,0.14679,0.07003,0.0058
-2e-05,0.14679,0.07003,0.0058
-2e-05,0.14679,0.07003,0.0058
-2e-05,0.14679,0.07003,0.0058
0.0,0.19725,0.06048,0.00638
0.0,0.19725,0.06048,0.00638
0.0,0.19725,0.06048,0.00638
0.0,0.19725,0.06048,0.00638
2e-05,0.11985,0.06159,0.00638
2e-05,0.11985,0.06159,0.00638
2e-05,0.11985,0.06159,0.00638
2e-05,0.11985,0.06159,0.00638
0.00012,0.09501,0.0682,0.00659
0.00012,0.09501,0.0682,0.00659
0.00012,0.09501,0.0682,0.00659
0.00012,0.09501,0.0682,0.00659
0.0002,0.09,0.0842,0.01841
0.0002,0.09,0.0842,0.01841
0.0002,0.09,0.0842,0.01841
0.0002,0.09,0.0842,0.01841
0.055,0.07578,0.1555,0.05371
0.055,0.07578,0.1555,0.05371
0.055,0.07578,0.1555,0.05371
0.055,0.07578,0.1555,0.05371
0.14679,0.07003,0.15937,0.11496
0.14679,0.07003,0.15937,0.11496
0.14679,0.07003,0.15937,0.11496
0.14679,0.07003,0.15937,0.11496
0.19725,0.06048,0.08797,0.12093
0.19725,0.06048,0.08797,0.12093
0.19725,0.06048,0.08797,0.12093
0.19725,0.06048,0.08797,0.12093
0.11985,0.06159,0.0381,0.0842
0.11985,0.06159,0.0381,0.0842
0.11985,0.06159,0.0381,0.0842
0.11985,0.06159,0.0381,0.0842
0.09501,0.0682,0.012,0.05844
0.09501,0.0682,0.012,0.05844
0.09501,0.0682,0.012,0.05844
0.09501,0.0682,0.012,0.05844
0.09,0.0842,0.00826,0.03811
0.09,0.0842,0.00826,0.03811
0.09,0.0842,0.00826,0.03811
0.09,0.0842,0.00826,0.03811
0.07578,0.1555,0.00648,0.02634
0.07578,0.1555,0.00648,0.02634
0.07578,0.1555,0.00648,0.02634
0.07578,0.1555,0.00648,0.02634
0.07003,0.15937,0.0058,0.0261
0.07003,0.15937,0.0058,0.0261
0.07003,0.15937,0.0058,0.0261
0.07003,0.15937,0.0058,0.0261
0.06048,0.08797,0.00638,0.02
0.06048,0.08797,0.00638,0.02
0.06048,0.08797,0.00638,0.02
0.06048,0.08797,0.00638,0.02
0.06159,0.0381,0.00638,0.02
0.06159,0.0381,0.00638,0.02
0.06159,0.0381,0.00638,0.02
0.06159,0.0381,0.00638,0.02
0.0682,0.012,0.00659,0.02634
0.0682,0.012,0.00659,0.02634
0.0682,0.012,0.00659,0.02634
0.0682,0.012,0.00659,0.02634
0.0842,0.00826,0.01841,0.03987
0.0842,0.00826,0.01841,0.03987
0.0842,0.00826,0.01841,0.03987
0.0842,0.00826,0.01841,0.03987
0.1555,0.00648,0.05371,0.09008
0.1555,0.00648,0.05371,0.09008
0.1555,0.00648,0.05371,0.09008
0.1555,0.00648,0.05371,0.09008
0.15937,0.0058,0.11496,0.1049
0.15937,0.0058,0.11496,0.1049
0.15937,0.0058,0.11496,0.1049
0.15937,0.0058,0.11496,0.1049
0.08797,0.00638,0.12093,0.05433
0.08797,0.00638,0.12093,0.05433
0.08797,0.00638,0.12093,0.05433
0.08797,0.00638,0.12093,0.05433
0.0381,0.00638,0.0842,0.02115
0.0381,0.00638,0.0842,0.02115
0.0381,0.00638,0.0842,0.02115
0.0381,0.00638,0.0842,0.02115
0.012,0.00659,0.05844,0.00152
0.012,0.00659,0.05844,0.00152
0.012,0.00659,0.05844,0.00152
0.012,0.00659,0.05844,0.00152
0.00826,0.01841,0.03811,0.0
0.00826,0.01841,0.03811,0.0
0.00826,0.01841,0.03811,0.0
0.00826,0.01841,0.03811,0.0
0.00648,0.05371,0.02634,0.0
0.00648,0.05371,0.02634,0.0
0.00648,0.05371,0.02634,0.0
0.00648,0.05371,0.02634,0.0
0.0058,0.11496,0.0261,-1e-05
0.0058,0.11496,0.0261,-1e-05
0.0058,0.11496,0.0261,-1e-05
0.0058,0.11496,0.0261,-1e-05
0.00638,0.12093,0.02,-2e-05
0.00638,0.12093,0.02,-2e-05
0.00638,0.12093,0.02,-2e-05
0.00638,0.12093,0.02,-2e-05
0.00638,0.0842,0.02,-1e-05
0.00638,0.0842,0.02,-1e-05
0.00638,0.0842,0.02,-1e-05
0.00638,0.0842,0.02,-1e-05
0.00659,0.05844,0.02634,4e-05
0.00659,0.05844,0.02634,4e-05
0.00659,0.05844,0.02634,4e-05
0.00659,0.05844,0.02634,4e-05
0.01841,0.03811,0.03987,0.00796
0.01841,0.03811,0.03987,0.00796
0.01841,0.03811,0.03987,0.00796
0.01841,0.03811,0.03987,0.00796
0.05371,0.02634,0.09008,0.03296
0.05371,0.02634,0.09008,0.03296
0.05371,0.02634,0.09008,0.03296
0.05371,0.02634,0.09008,0.03296
0.11496,0.0261,0.1049,0.05311
0.11496,0.0261,0.1049,0.05311
0.11496,0.0261,0.1049,0.05311
0.11496,0.0261,0.1049,0.05311
0.12093,0.02,0.05433,0.04923
0.12093,0.02,0.05433,0.04923
0.12093,0.02,0.05433,0.04923
0.12093,0.02,0.05433,0.04923
0.0842,0.02,0.02115,0.03295
0.0842,0.02,0.02115,0.03295
0.0842,0.02,0.02115,0.03295
0.0842,0.02,0.02115,0.03295
0.05844,0.02634,0.00152,0.0273
0.05844,0.02634,0.00152,0.0273
0.05844,0.02634,0.00152,0.0273
0.05844,0.02634,0.00152,0.0273
0.03811,0.03987,0.0,0.02037
0.03811,0.03987,0.0,0.02037
0.03811,0.03987,0.0,0.02037
0.03811,0.03987,0.0,0.02037
0.02634,0.09008,0.0,0.01907
0.02634,0.09008,0.0,0.01907
0.02634,0.09008,0.0,0.01907
0.02634,0.09008,0.0,0.01907
0.0261,0.1049,-1e-05,0.01632
0.0261,0.1049,-1e-05,0.01632
0.0261,0.1049,-1e-05,0.01632
0.0261,0.1049,-1e-05,0.01632
0.02,0.05433,-2e-05,0.01227
0.02,0.05433,-2e-05,0.01227
0.02,0.05433,-2e-05,0.01227
0.02,0.05433,-2e-05,0.01227
0.02,0.02115,-1e-05,0.00907
0.02,0.02115,-1e-05,0.00907
0.02,0.02115,-1e-05,0.00907
0.02,0.02115,-1e-05,0.00907
0.02634,0.00152,4e-05,0.01194
0.02634,0.00152,4e-05,0.01194
0.02634,0.00152,4e-05,0.01194
0.02634,0.00152,4e-05,0.01194
0.03987,0.0,0.00796,0.0197
0.03987,0.0,0.00796,0.0197
0.03987,0.0,0.00796,0.0197
0.03987,0.0,0.00796,0.0197
0.09008,0.0,0.03296,0.03811
0.09008,0.0,0.03296,0.03811
0.09008,0.0,0.03296,0.03811
0.09008,0.0,0.03296,0.03811
0.1049,-1e-05,0.05311,0.05633
0.1049,-1e-05,0.05311,0.05633
0.1049,-1e-05,0.05311,0.05633
0.1049,-1e-05,0.05311,0.05633
0.05433,-2e-05,0.04923,0.03811
0.05433,-2e-05,0.04923,0.03811
0.05433,-2e-05,0.04923,0.03811
0.05433,-2e-05,0.04923,0.03811
0.02115,-1e-05,0.03295,0.02896
0.02115,-1e-05,0.03295,0.02896
0.02115,-1e-05,0.03295,0.02896
0.02115,-1e-05,0.03295,0.02896
0.00152,4e-05,0.0273,0.00352
0.00152,4e-05,0.0273,0.00352
0.00152,4e-05,0.0273,0.00352
0.00152,4e-05,0.0273,0.00352
0.0,0.00796,0.02037,0.0005
0.0,0.00796,0.02037,0.0005
0.0,0.00796,0.02037,0.0005
0.0,0.00796,0.02037,0.0005
0.0,0.03296,0.01907,0.0
0.0,0.03296,0.01907,0.0
0.0,0.03296,0.01907,0.0
0.0,0.03296,0.01907,0.0
-1e-05,0.05311,0.01632,0.0
-1e-05,0.05311,0.01632,0.0
-1e-05,0.05311,0.01632,0.0
-1e-05,0.05311,0.01632,0.0
-2e-05,0.04923,0.01227,0.0
-2e-05,0.04923,0.01227,0.0
-2e-05,0.04923,0.01227,0.0
-2e-05,0.04923,0.01227,0.0
-1e-05,0.03295,0.00907,0.00187
-1e-05,0.03295,0.00907,0.00187
-1e-05,0.03295,0.00907,0.00187
-1e-05,0.03295,0.00907,0.00187
4e-05,0.0273,0.01194,0.005
4e-05,0.0273,0.01194,0.005
4e-05,0.0273,0.01194,0.005
4e-05,0.0273,0.01194,0.005
0.00796,0.02037,0.0197,0.01006
0.00796,0.02037,0.0197,0.01006
0.00796,0.02037,0.0197,0.01006
0.00796,0.02037,0.0197,0.01006
0.03296,0.01907,0.03811,0.035
0.03296,0.01907,0.03811,0.035
0.03296,0.01907,0.03811,0.035
0.03296,0.01907,0.03811,0.035
0.05311,0.01632,0.05633,0.08
0.05311,0.01632,0.05633,0.08
0.05311,0.01632,0.05633,0.08
0.05311,0.01632,0.05633,0.08
0.04923,0.01227,0.03811,0.079
0.04923,0.01227,0.03811,0.079
0.04923,0.01227,0.03811,0.079
0.04923,0.01227,0.03811,0.079
0.03295,0.00907,0.02896,0.03501
0.03295,0.00907,0.02896,0.03501
0.03295,0.00907,0.02896,0.03501
0.03295,0.00907,0.02896,0.03501
0.0273,0.01194,0.00352,0.0101
0.0273,0.01194,0.00352,0.0101
0.0273,0.01194,0.00352,0.0101
0.0273,0.01194,0.00352,0.0101
0.02037,0.0197,0.0005,0.0036
0.02037,0.0197,0.0005,0.0036
0.02037,0.0197,0.0005,0.0036
0.02037,0.0197,0.0005,0.0036
0.01907,0.03811,0.0,0.00352
0.01907,0.03811,0.0,0.00352
0.01907,0.03811,0.0,0.00352
0.01907,0.03811,0.0,0.00352
0.01632,0.05633,0.0,0.00352
0.01632,0.05633,0.0,0.00352
0.01632,0.05633,0.0,0.00352
0.01632,0.05633,0.0,0.00352
0.01227,0.03811,0.0,0.00351
0.01227,0.03811,0.0,0.00351
0.01227,0.03811,0.0,0.00351
0.01227,0.03811,0.0,0.00351
0.00907,0.02896,0.00187,0.00352
0.00907,0.02896,0.00187,0.00352
0.00907,0.02896,0.00187,0.00352
0.00907,0.02896,0.00187,0.00352
0.01194,0.00352,0.005,0.00352
0.01194,0.00352,0.005,0.00352
0.01194,0.00352,0.005,0.00352
0.01194,0.00352,0.005,0.00352
0.0197,0.0005,0.01006,0.00352
0.0197,0.0005,0.01006,0.00352
0.0197,0.0005,0.01006,0.00352
0.0197,0.0005,0.01006,0.00352
0.03811,0.0,0.035,0.01416
0.03811,0.0,0.035,0.01416
0.03811,0.0,0.035,0.01416
0.03811,0.0,0.035,0.01416
0.05633,0.0,0.08,0.01772
0.05633,0.0,0.08,0.01772
0.05633,0.0,0.08,0.01772
0.05633,0.0,0.08,0.01772
0.03811,0.0,0.079,0.01883
0.03811,0.0,0.079,0.01883
0.03811,0.0,0.079,0.01883
0.03811,0.0,0.079,0.01883
0.02896,0.00187,0.03501,0.00473
0.02896,0.00187,0.03501,0.00473
0.02896,0.00187,0.03501,0.00473
0.02896,0.00187,0.03501,0.00473
0.00352,0.005,0.0101,0.00352
0.00352,0.005,0.0101,0.00352
0.00352,0.005,0.0101,0.00352
0.00352,0.005,0.0101,0.00352
0.0005,0.01006,0.0036,0.0
0.0005,0.01006,0.0036,0.0
0.0005,0.01006,0.0036,0.0
0.0005,0.01006,0.0036,0.0
0.0,0.035,0.00352,-1e-05
0.0,0.035,0.00352,-1e-05
0.0,0.035,0.00352,-1e-05
0.0,0.035,0.00352,-1e-05
0.0,0.08,0.00352,-2e-05
0.0,0.08,0.00352,-2e-05
0.0,0.08,0.00352,-2e-05
0.0,0.08,0.00352,-2e-05
0.0,0.079,0.00351,-1e-05
0.0,0.079,0.00351,-1e-05
0.0,0.079,0.00351,-1e-05
0.0,0.079,0.00351,-1e-05
0.00187,0.03501,0.00352,0.0
0.00187,0.03501,0.00352,0.0
0.00187,0.03501,0.00352,0.0
0.00187,0.03501,0.00352,0.0
0.005,0.0101,0.00352,1e-05
0.005,0.0101,0.00352,1e-05
0.005,0.0101,0.00352,1e-05
0.005,0.0101,0.00352,1e-05
0.01006,0.0036,0.00352,0.00065
0.01006,0.0036,0.00352,0.00065
0.01006,0.0036,0.00352,0.00065
0.01006,0.0036,0.00352,0.00065
0.035,0.00352,0.01416,0.0063
0.035,0.00352,0.01416,0.0063
0.035,0.00352,0.01416,0.0063
0.035,0.00352,0.01416,0.0063
0.08,0.00352,0.01772,0.03501
0.08,0.00352,0.01772,0.03501
0.08,0.00352,0.01772,0.03501
0.08,0.00352,0.01772,0.03501
0.079,0.00351,0.01883,0.05002
0.079,0.00351,0.01883,0.05002
0.079,0.00351,0.01883,0.05002
0.079,0.00351,0.01883,0.05002
0.03501,0.00352,0.00473,0.03501
0.03501,0.00352,0.00473,0.03501
0.03501,0.00352,0.00473,0.03501
0.03501,0.00352,0.00473,0.03501
0.0101,0.00352,0.00352,0.02091
0.0101,0.00352,0.00352,0.02091
0.0101,0.00352,0.00352,0.02091
0.0101,0.00352,0.00352,0.02091
0.0036,0.00352,0.0,0.035
0.0036,0.00352,0.0,0.035
0.0036,0.00352,0.0,0.035
0.0036,0.00352,0.0,0.035
0.00352,0.01416,-1e-05,0.01997
0.00352,0.01416,-1e-05,0.01997
0.00352,0.01416,-1e-05,0.01997
0.00352,0.01416,-1e-05,0.01997
0.00352,0.01772,-2e-05,0.0191
0.00352,0.01772,-2e-05,0.0191
0.00352,0.01772,-2e-05,0.0191
0.00352,0.01772,-2e-05,0.0191
0.00351,0.01883,-1e-05,0.01934
0.00351,0.01883,-1e-05,0.01934
0.00351,0.01883,-1e-05,0.01934
0.00351,0.01883,-1e-05,0.01934
0.00352,0.00473,0.0,0.0132
0.00352,0.00473,0.0,0.0132
0.00352,0.00473,0.0,0.0132
0.00352,0.00473,0.0,0.0132
0.00352,0.00352,1e-05,0.0164
0.00352,0.00352,1e-05,0.0164
0.00352,0.00352,1e-05,0.0164
0.00352,0.00352,1e-05,0.0164
0.00352,0.0,0.00065,0.01975
0.00352,0.0,0.00065,0.01975
0.00352,0.0,0.00065,0.01975
0.00352,0.0,0.00065,0.01975
0.01416,-1e-05,0.0063,0.0203
0.01416,-1e-05,0.0063,0.0203
0.01416,-1e-05,0.0063,0.0203
0.01416,-1e-05,0.0063,0.0203
0.01772,-2e-05,0.03501,0.02146
0.01772,-2e-05,0.03501,0.02146
0.01772,-2e-05,0.03501,0.02146
0.01772,-2e-05,0.03501,0.02146
0.01883,-1e-05,0.05002,0.01
0.01883,-1e-05,0.05002,0.01
0.01883,-1e-05,0.05002,0.01
0.01883,-1e-05,0.05002,0.01
0.00473,0.0,0.03501,0.00066
0.00473,0.0,0.03501,0.00066
0.00473,0.0,0.03501,0.00066
0.00473,0.0,0.03501,0.00066
0.00352,1e-05,0.02091,-0.00013
0.00352,1e-05,0.02091,-0.00013
0.00352,1e-05,0.02091,-0.00013
0.00352,1e-05,0.02091,-0.00013
0.0,0.00065,0.035,-0.0003
0.0,0.00065,0.035,-0.0003
0.0,0.00065,0.035,-0.0003
0.0,0.00065,0.035,-0.0003
-1e-05,0.0063,0.01997,-0.001
-1e-05,0.0063,0.01997,-0.001
-1e-05,0.0063,0.01997,-0.001
-1e-05,0.0063,0.01997,-0.001
-2e-05,0.03501,0.0191,-0.00101
-2e-05,0.03501,0.0191,-0.00101
-2e-05,0.03501,0.0191,-0.00101
-2e-05,0.03501,0.0191,-0.00101
-1e-05,0.05002,0.01934,-0.0012
-1e-05,0.05002,0.01934,-0.0012
-1e-05,0.05002,0.01934,-0.0012
-1e-05,0.05002,0.01934,-0.0012
0.0,0.03501,0.0132,-0.001
0.0,0.03501,0.0132,-0.001
0.0,0.03501,0.0132,-0.001
0.0,0.03501,0.0132,-0.001
1e-05,0.02091,0.0164,0.0001
1e-05,0.02091,0.0164,0.0001
1e-05,0.02091,0.0164,0.0001
1e-05,0.02091,0.0164,0.0001
0.00065,0.035,0.01975,0.01
0.00065,0.035,0.01975,0.01
0.00065,0.035,0.01975,0.01
0.00065,0.035,0.01975,0.01
0.0063,0.01997,0.0203,0.04649
0.0063,0.01997,0.0203,0.04649
0.0063,0.01997,0.0203,0.04649
0.0063,0.01997,0.0203,0.04649
0.03501,0.0191,0.02146,0.09561
0.03501,0.0191,0.02146,0.09561
0.03501,0.0191,0.02146,0.09561
0.03501,0.0191,0.02146,0.09561
0.05002,0.01934,0.01,0.09561
0.05002,0.01934,0.01,0.09561
0.05002,0.01934,0.01,0.09561
0.05002,0.01934,0.01,0.09561
0.03501,0.0132,0.00066,0.07899
0.03501,0.0132,0.00066,0.07899
0.03501,0.0132,0.00066,0.07899
0.03501,0.0132,0.00066,0.07899
0.02091,0.0164,-0.00013,0.06875
0.02091,0.0164,-0.00013,0.06875
0.02091,0.0164,-0.00013,0.06875
0.02091,0.0164,-0.00013,0.06875
0.035,0.01975,-0.0003,0.07045
0.035,0.01975,-0.0003,0.07045
0.035,0.01975,-0.0003,0.07045
0.035,0.01975,-0.0003,0.07045
0.01997,0.0203,-0.001,0.04621
0.01997,0.0203,-0.001,0.04621
0.01997,0.0203,-0.001,0.04621
0.01997,0.0203,-0.001,0.04621
0.0191,0.02146,-0.00101,0.03501
0.0191,0.02146,-0.00101,0.03501
0.0191,0.02146,-0.00101,0.03501
0.0191,0.02146,-0.00101,0.03501
0.01934,0.01,-0.0012,0.02701
0.01934,0.01,-0.0012,0.02701
0.01934,0.01,-0.0012,0.02701
0.01934,0.01,-0.0012,0.02701
0.0132,0.00066,-0.001,0.0255
0.0132,0.00066,-0.001,0.0255
0.0132,0.00066,-0.001,0.0255
0.0132,0.00066,-0.001,0.0255
0.0164,-0.00013,0.0001,0.02557
0.0164,-0.00013,0.0001,0.02557
0.0164,-0.00013,0.0001,0.02557
0.0164,-0.00013,0.0001,0.02557
0.01975,-0.0003,0.01,0.02651
0.01975,-0.0003,0.01,0.02651
0.01975,-0.0003,0.01,0.02651
0.01975,-0.0003,0.01,0.02651
0.0203,-0.001,0.04649,0.02887
0.0203,-0.001,0.04649,0.02887
0.0203,-0.001,0.04649,0.02887
0.0203,-0.001,0.04649,0.02887
0.02146,-0.00101,0.09561,0.02625
0.02146,-0.00101,0.09561,0.02625
0.02146,-0.00101,0.09561,0.02625
0.02146,-0.00101,0.09561,0.02625
0.01,-0.0012,0.09561,0.0001
0.01,-0.0012,0.09561,0.0001
0.01,-0.0012,0.09561,0.0001
0.01,-0.0012,0.09561,0.0001
0.00066,-0.001,0.07899,-0.00101
0.00066,-0.001,0.07899,-0.00101
0.00066,-0.001,0.07899,-0.00101
0.00066,-0.001,0.07899,-0.00101
-0.00013,0.0001,0.06875,-0.00154
-0.00013,0.0001,0.06875,-0.00154
-0.00013,0.0001,0.06875,-0.00154
-0.00013,0.0001,0.06875,-0.00154
-0.0003,0.01,0.07045,-0.00154
-0.0003,0.01,0.07045,-0.00154
-0.0003,0.01,0.07045,-0.00154
-0.0003,0.01,0.07045,-0.00154
-0.001,0.04649,0.04621,-0.001
-0.001,0.04649,0.04621,-0.001
-0.001,0.04649,0.04621,-0.001
-0.001,0.04649,0.04621,-0.001
-0.00101,0.09561,0.03501,-0.001
-0.00101,0.09561,0.03501,-0.001
-0.00101,0.09561,0.03501,-0.001
-0.00101,0.09561,0.03501,-0.001
-0.0012,0.09561,0.02701,-0.00132
-0.0012,0.09561,0.02701,-0.00132
-0.0012,0.09561,0.02701,-0.00132
-0.0012,0.09561,0.02701,-0.00132
-0.001,0.07899,0.0255,-0.00149
-0.001,0.07899,0.0255,-0.00149
-0.001,0.07899,0.0255,-0.00149
-0.001,0.07899,0.0255,-0.00149
0.0001,0.06875,0.02557,-1e-05
0.0001,0.06875,0.02557,-1e-05
0.0001,0.06875,0.02557,-1e-05
0.0001,0.06875,0.02557,-1e-05
0.01,0.07045,0.02651,0.00826
0.01,0.07045,0.02651,0.00826
0.01,0.07045,0.02651,0.00826
0.01,0.07045,0.02651,0.00826
0.04649,0.04621,0.02887,0.0352
0.04649,0.04621,0.02887,0.0352
0.04649,0.04621,0.02887,0.0352
0.04649,0.04621,0.02887,0.0352
0.09561,0.03501,0.02625,0.075
0.09561,0.03501,0.02625,0.075
0.09561,0.03501,0.02625,0.075
0.09561,0.03501,0.02625,0.075
0.09561,0.02701,0.0001,0.08
0.09561,0.02701,0.0001,0.08
0.09561,0.02701,0.0001,0.08
0.09561,0.02701,0.0001,0.08
0.07899,0.0255,-0.00101,0.07001
0.07899,0.0255,-0.00101,0.07001
0.07899,0.0255,-0.00101,0.07001
0.07899,0.0255,-0.00101,0.07001
0.06875,0.02557,-0.00154,0.06638
0.06875,0.02557,-0.00154,0.06638
0.06875,0.02557,-0.00154,0.06638
0.06875,0.02557,-0.00154,0.06638
0.07045,0.02651,-0.00154,0.04837
0.07045,0.02651,-0.00154,0.04837
0.07045,0.02651,-0.00154,0.04837
0.07045,0.02651,-0.00154,0.04837
0.04621,0.02887,-0.001,0.0419
0.04621,0.02887,-0.001,0.0419
0.04621,0.02887,-0.001,0.0419
0.04621,0.02887,-0.001,0.0419
0.03501,0.02625,-0.001,0.04332
0.03501,0.02625,-0.001,0.04332
0.03501,0.02625,-0.001,0.04332
0.03501,0.02625,-0.001,0.04332
0.02701,0.0001,-0.00132,0.03954
0.02701,0.0001,-0.00132,0.03954
0.02701,0.0001,-0.00132,0.03954
0.02701,0.0001,-0.00132,0.03954
0.0255,-0.00101,-0.00149,0.03974
0.0255,-0.00101,-0.00149,0.03974
0.0255,-0.00101,-0.00149,0.03974
0.0255,-0.00101,-0.00149,0.03974
0.02557,-0.00154,-1e-05,0.04622
0.02557,-0.00154,-1e-05,0.04622
0.02557,-0.00154,-1e-05,0.04622
0.02557,-0.00154,-1e-05,0.04622
0.02651,-0.00154,0.00826,0.0701
0.02651,-0.00154,0.00826,0.0701
0.02651,-0.00154,0.00826,0.0701
0.02651,-0.00154,0.00826,0.0701
0.02887,-0.001,0.0352,0.13257
0.02887,-0.001,0.0352,0.13257
0.02887,-0.001,0.0352,0.13257
0.02887,-0.001,0.0352,0.13257
0.02625,-0.001,0.075,0.14304
0.02625,-0.001,0.075,0.14304
0.02625,-0.001,0.075,0.14304
0.02625,-0.001,0.075,0.14304
0.0001,-0.00132,0.08,0.06
0.0001,-0.00132,0.08,0.06
0.0001,-0.00132,0.08,0.06
0.0001,-0.00132,0.08,0.06
-0.00101,-0.00149,0.07001,0.01743
-0.00101,-0.00149,0.07001,0.01743
-0.00101,-0.00149,0.07001,0.01743
-0.00101,-0.00149,0.07001,0.01743
-0.00154,-1e-05,0.06638,0.00301
-0.00154,-1e-05,0.06638,0.00301
-0.00154,-1e-05,0.06638,0.00301
-0.00154,-1e-05,0.06638,0.00301
-0.00154,0.00826,0.04837,0.001
-0.00154,0.00826,0.04837,0.001
-0.00154,0.00826,0.04837,0.001
-0.00154,0.00826,0.04837,0.001
-0.001,0.0352,0.0419,0.0
-0.001,0.0352,0.0419,0.0
-0.001,0.0352,0.0419,0.0
-0.001,0.0352,0.0419,0.0
-0.001,0.075,0.04332,0.0
-0.001,0.075,0.04332,0.0
-0.001,0.075,0.04332,0.0
-0.001,0.075,0.04332,0.0
-0.00132,0.08,0.03954,0.0
-0.00132,0.08,0.03954,0.0
-0.00132,0.08,0.03954,0.0
-0.00132,0.08,0.03954,0.0
-0.00149,0.07001,0.03974,0.0
-0.00149,0.07001,0.03974,0.0
-0.00149,0.07001,0.03974,0.0
-0.00149,0.07001,0.03974,0.0
-1e-05,0.06638,0.04622,0.00151
-1e-05,0.06638,0.04622,0.00151
-1e-05,0.06638,0.04622,0.00151
-1e-05,0.06638,0.04622,0.00151
0.00826,0.04837,0.0701,0.02
0.00826,0.04837,0.0701,0.02
0.00826,0.04837,0.0701,0.02
0.00826,0.04837,0.0701,0.02
0.0352,0.0419,0.13257,0.0691
0.0352,0.0419,0.13257,0.0691
0.0352,0.0419,0.13257,0.0691
0.0352,0.0419,0.13257,0.0691
0.075,0.04332,0.14304,0.156
0.075,0.04332,0.14304,0.156
0.075,0.04332,0.14304,0.156
0.075,0.04332,0.14304,0.156
0.08,0.03954,0.06,0.17001
0.08,0.03954,0.06,0.17001
0.08,0.03954,0.06,0.17001
0.08,0.03954,0.06,0.17001
0.07001,0.03974,0.01743,0.11834
0.07001,0.03974,0.01743,0.11834
0.07001,0.03974,0.01743,0.11834
0.07001,0.03974,0.01743,0.11834
0.06638,0.04622,0.00301,0.09984
0.06638,0.04622,0.00301,0.09984
0.06638,0.04622,0.00301,0.09984
0.06638,0.04622,0.00301,0.09984
0.04837,0.0701,0.001,0.083
0.04837,0.0701,0.001,0.083
0.04837,0.0701,0.001,0.083
0.04837,0.0701,0.001,0.083
0.0419,0.13257,0.0,0.0718
0.0419,0.13257,0.0,0.0718
0.0419,0.13257,0.0,0.0718
0.0419,0.13257,0.0,0.0718
0.04332,0.14304,0.0,0.06907
0.04332,0.14304,0.0,0.06907
0.04332,0.14304,0.0,0.06907
0.04332,0.14304,0.0,0.06907
0.03954,0.06,0.0,0.05765
0.03954,0.06,0.0,0.05765
0.03954,0.06,0.0,0.05765
0.03954,0.06,0.0,0.05765
0.03974,0.01743,0.0,0.05122
0.03974,0.01743,0.0,0.05122
0.03974,0.01743,0.0,0.05122
0.03974,0.01743,0.0,0.05122
0.04622,0.00301,0.00151,0.05316
0.04622,0.00301,0.00151,0.05316
0.04622,0.00301,0.00151,0.05316
0.04622,0.00301,0.00151,0.05316
0.0701,0.001,0.02,0.0605
0.0701,0.001,0.02,0.0605
0.0701,0.001,0.02,0.0605
0.0701,0.001,0.02,0.0605
0.13257,0.0,0.0691,0.13117
0.13257,0.0,0.0691,0.13117
0.13257,0.0,0.0691,0.13117
0.13257,0.0,0.0691,0.13117
0.14304,0.0,0.156,0.104
0.14304,0.0,0.156,0.104
0.14304,0.0,0.156,0.104
0.14304,0.0,0.156,0.104
0.06,0.0,0.17001,0.03688
0.06,0.0,0.17001,0.03688
0.06,0.0,0.17001,0.03688
0.06,0.0,0.17001,0.03688
0.01743,0.0,0.11834,0.00065
0.01743,0.0,0.11834,0.00065
0.01743,0.0,0.11834,0.00065
0.01743,0.0,0.11834,0.00065
0.00301,0.00151,0.09984,-1e-05
0.00301,0.00151,0.09984,-1e-05
0.00301,0.00151,0.09984,-1e-05
0.00301,0.00151,0.09984,-1e-05
0.001,0.02,0.083,-0.00086
0.001,0.02,0.083,-0.00086
0.001,0.02,0.083,-0.00086
0.001,0.02,0.083,-0.00086
0.0,0.0691,0.0718,-0.00101
0.0,0.0691,0.0718,-0.00101
0.0,0.0691,0.0718,-0.00101
0.0,0.0691,0.0718,-0.00101
0.0,0.156,0.06907,-0.00102
0.0,0.156,0.06907,-0.00102
0.0,0.156,0.06907,-0.00102
0.0,0.156,0.06907,-0.00102
0.0,0.17001,0.05765,-0.00101
0.0,0.17001,0.05765,-0.00101
0.0,0.17001,0.05765,-0.00101
0.0,0.17001,0.05765,-0.00101
0.0,0.11834,0.05122,-0.001
0.0,0.11834,0.05122,-0.001
0.0,0.11834,0.05122,-0.001
0.0,0.11834,0.05122,-0.001
0.00151,0.09984,0.05316,-1e-05
0.00151,0.09984,0.05316,-1e-05
0.00151,0.09984,0.05316,-1e-05
0.00151,0.09984,0.05316,-1e-05
0.02,0.083,0.0605,1e-05
0.02,0.083,0.0605,1e-05
0.02,0.083,0.0605,1e-05
0.02,0.083,0.0605,1e-05
0.0691,0.0718,0.13117,0.03368
0.0691,0.0718,0.13117,0.03368
0.0691,0.0718,0.13117,0.03368
0.0691,0.0718,0.13117,0.03368
0.156,0.06907,0.104,0.1176
0.156,0.06907,0.104,0.1176
0.156,0.06907,0.104,0.1176
0.156,0.06907,0.104,0.1176
0.17001,0.05765,0.03688,0.12349
0.17001,0.05765,0.03688,0.12349
0.17001,0.05765,0.03688,0.12349
0.17001,0.05765,0.03688,0.12349
0.11834,0.05122,0.00065,0.08595
0.11834,0.05122,0.00065,0.08595
0.11834,0.05122,0.00065,0.08595
0.11834,0.05122,0.00065,0.08595
0.09984,0.05316,-1e-05,0.06922
0.09984,0.05316,-1e-05,0.06922
0.09984,0.05316,-1e-05,0.06922
0.09984,0.05316,-1e-05,0.06922
0.083,0.0605,-0.00086,0.05013
0.083,0.0605,-0.00086,0.05013
0.083,0.0605,-0.00086,0.05013
0.083,0.0605,-0.00086,0.05013
0.0718,0.13117,-0.00101,0.037
0.0718,0.13117,-0.00101,0.037
0.0718,0.13117,-0.00101,0.037
0.0718,0.13117,-0.00101,0.037
0.06907,0.104,-0.00102,0.03368
0.06907,0.104,-0.00102,0.03368
0.06907,0.104,-0.00102,0.03368
0.06907,0.104,-0.00102,0.03368
0.05765,0.03688,-0.00101,0.03206
0.05765,0.03688,-0.00101,0.03206
0.05765,0.03688,-0.00101,0.03206
0.05765,0.03688,-0.00101,0.03206
0.05122,0.00065,-0.001,0.02846
0.05122,0.00065,-0.001,0.02846
0.05122,0.00065,-0.001,0.02846
0.05122,0.00065,-0.001,0.02846
0.05316,-1e-05,-1e-05,0.0289
0.05316,-1e-05,-1e-05,0.0289
0.05316,-1e-05,-1e-05,0.0289
0.05316,-1e-05,-1e-05,0.0289
0.0605,-0.00086,1e-05,0.037
0.0605,-0.00086,1e-05,0.037
0.0605,-0.00086,1e-05,0.037
0.0605,-0.00086,1e-05,0.037
0.13117,-0.00101,0.03368,0.08696
0.13117,-0.00101,0.03368,0.08696
0.13117,-0.00101,0.03368,0.08696
0.13117,-0.00101,0.03368,0.08696
0.104,-0.00102,0.1176,0.09821
0.104,-0.00102,0.1176,0.09821
0.104,-0.00102,0.1176,0.09821
0.104,-0.00102,0.1176,0.09821
0.03688,-0.00101,0.12349,0.03368
0.03688,-0.00101,0.12349,0.03368
0.03688,-0.00101,0.12349,0.03368
0.03688,-0.00101,0.12349,0.03368
0.00065,-0.001,0.08595,0.0058
0.00065,-0.001,0.08595,0.0058
0.00065,-0.001,0.08595,0.0058
0.00065,-0.001,0.08595,0.0058
-1e-05,-1e-05,0.06922,-1e-05
-1e-05,-1e-05,0.06922,-1e-05
-1e-05,-1e-05,0.06922,-1e-05
-1e-05,-1e-05,0.06922,-1e-05
-0.00086,1e-05,0.05013,-1e-05
-0.00086,1e-05,0.05013,-1e-05
-0.00086,1e-05,0.05013,-1e-05
-0.00086,1e-05,0.05013,-1e-05
-0.00101,0.03368,0.037,-2e-05
-0.00101,0.03368,0.037,-2e-05
-0.00101,0.03368,0.037,-2e-05
-0.00101,0.03368,0.037,-2e-05
-0.00102,0.1176,0.03368,-0.0002
-0.00102,0.1176,0.03368,-0.0002
-0.00102,0.1176,0.03368,-0.0002
-0.00102,0.1176,0.03368,-0.0002
-0.00101,0.12349,0.03206,-0.0005
-0.00101,0.12349,0.03206,-0.0005
-0.00101,0.12349,0.03206,-0.0005
-0.00101,0.12349,0.03206,-0.0005
-0.001,0.08595,0.02846,-2e-05
-0.001,0.08595,0.02846,-2e-05
-0.001,0.08595,0.02846,-2e-05
-0.001,0.08595,0.02846,-2e-05
-1e-05,0.06922,0.0289,0.0
-1e-05,0.06922,0.0289,0.0
-1e-05,0.06922,0.0289,0.0
-1e-05,0.06922,0.0289,0.0
1e-05,0.05013,0.037,0.00981
1e-05,0.05013,0.037,0.00981
1e-05,0.05013,0.037,0.00981
1e-05,0.05013,0.037,0.00981
0.03368,0.037,0.08696,0.037
0.03368,0.037,0.08696,0.037
0.03368,0.037,0.08696,0.037
0.03368,0.037,0.08696,0.037
0.1176,0.03368,0.09821,0.07
0.1176,0.03368,0.09821,0.07
0.1176,0.03368,0.09821,0.07
0.1176,0.03368,0.09821,0.07
0.12349,0.03206,0.03368,0.089
0.12349,0.03206,0.03368,0.089
0.12349,0.03206,0.03368,0.089
0.12349,0.03206,0.03368,0.089
0.08595,0.02846,0.0058,0.05396
0.08595,0.02846,0.0058,0.05396
0.08595,0.02846,0.0058,0.05396
0.08595,0.02846,0.0058,0.05396
0.06922,0.0289,-1e-05,0.03664
0.06922,0.0289,-1e-05,0.03664
0.06922,0.0289,-1e-05,0.03664
0.06922,0.0289,-1e-05,0.03664
0.05013,0.037,-1e-05,0.03368
0.05013,0.037,-1e-05,0.03368
0.05013,0.037,-1e-05,0.03368
0.05013,0.037,-1e-05,0.03368
0.037,0.08696,-2e-05,0.02846
0.037,0.08696,-2e-05,0.02846
0.037,0.08696,-2e-05,0.02846
0.037,0.08696,-2e-05,0.02846
0.03368,0.09821,-0.0002,0.02146
0.03368,0.09821,-0.0002,0.02146
0.03368,0.09821,-0.0002,0.02146
0.03368,0.09821,-0.0002,0.02146
0.03206,0.03368,-0.0005,0.02008
0.03206,0.03368,-0.0005,0.02008
0.03206,0.03368,-0.0005,0.02008
0.03206,0.03368,-0.0005,0.02008
0.02846,0.0058,-2e-05,0.01836
0.02846,0.0058,-2e-05,0.01836
0.02846,0.0058,-2e-05,0.01836
0.02846,0.0058,-2e-05,0.01836
0.0289,-1e-05,0.0,0.01746
0.0289,-1e-05,0.0,0.01746
0.0289,-1e-05,0.0,0.01746
0.0289,-1e-05,0.0,0.01746
0.037,-1e-05,0.00981,0.015
0.037,-1e-05,0.00981,0.015
0.037,-1e-05,0.00981,0.015
0.037,-1e-05,0.00981,0.015
0.08696,-2e-05,0.037,0.03501
0.08696,-2e-05,0.037,0.03501
0.08696,-2e-05,0.037,0.03501
0.08696,-2e-05,0.037,0.03501
0.09821,-0.0002,0.07,0.0375
0.09821,-0.0002,0.07,0.0375
0.09821,-0.0002,0.07,0.0375
0.09821,-0.0002,0.07,0.0375
0.03368,-0.0005,0.089,0.03048
0.03368,-0.0005,0.089,0.03048
0.03368,-0.0005,0.089,0.03048
0.03368,-0.0005,0.089,0.03048
0.0058,-2e-05,0.05396,0.01099
0.0058,-2e-05,0.05396,0.01099
0.0058,-2e-05,0.05396,0.01099
0.0058,-2e-05,0.05396,0.01099
-1e-05,0.0,0.03664,0.00065
-1e-05,0.0,0.03664,0.00065
-1e-05,0.0,0.03664,0.00065
-1e-05,0.0,0.03664,0.00065
-1e-05,0.00981,0.03368,0.0
-1e-05,0.00981,0.03368,0.0
-1e-05,0.00981,0.03368,0.0
-1e-05,0.00981,0.03368,0.0
-2e-05,0.037,0.02846,0.0
-2e-05,0.037,0.02846,0.0
-2e-05,0.037,0.02846,0.0
-2e-05,0.037,0.02846,0.0
-0.0002,0.07,0.02146,-1e-05
-0.0002,0.07,0.02146,-1e-05
-0.0002,0.07,0.02146,-1e-05
-0.0002,0.07,0.02146,-1e-05
-0.0005,0.089,0.02008,-1e-05
-0.0005,0.089,0.02008,-1e-05
-0.0005,0.089,0.02008,-1e-05
-0.0005,0.089,0.02008,-1e-05
-2e-05,0.05396,0.01836,0.0
-2e-05,0.05396,0.01836,0.0
-2e-05,0.05396,0.01836,0.0
-2e-05,0.05396,0.01836,0.0
0.0,0.03664,0.01746,0.0
0.0,0.03664,0.01746,0.0
0.0,0.03664,0.01746,0.0
0.0,0.03664,0.01746,0.0
0.00981,0.03368,0.015,0.00499
0.00981,0.03368,0.015,0.00499
0.00981,0.03368,0.015,0.00499
0.00981,0.03368,0.015,0.00499
0.037,0.02846,0.03501,0.0203
0.037,0.02846,0.03501,0.0203
0.037,0.02846,0.03501,0.0203
0.037,0.02846,0.03501,0.0203
0.07,0.02146,0.0375,0.03854
0.07,0.02146,0.0375,0.03854
0.07,0.02146,0.0375,0.03854
0.07,0.02146,0.0375,0.03854
0.089,0.02008,0.03048,0.05082
0.089,0.02008,0.03048,0.05082
0.089,0.02008,0.03048,0.05082
0.089,0.02008,0.03048,0.05082
0.05396,0.01836,0.01099,0.0433
0.05396,0.01836,0.01099,0.0433
0.05396,0.01836,0.01099,0.0433
0.05396,0.01836,0.01099,0.0433
0.03664,0.01746,0.00065,0.03368
0.03664,0.01746,0.00065,0.03368
0.03664,0.01746,0.00065,0.03368
0.03664,0.01746,0.00065,0.03368
0.03368,0.015,0.0,0.02163
0.03368,0.015,0.0,0.02163
0.03368,0.015,0.0,0.02163
0.03368,0.015,0.0,0.02163
0.02846,0.03501,0.0,0.01666
0.02846,0.03501,0.0,0.01666
0.02846,0.03501,0.0,0.01666
0.02846,0.03501,0.0,0.01666
0.02146,0.0375,-1e-05,0.01198
0.02146,0.0375,-1e-05,0.01198
0.02146,0.0375,-1e-05,0.01198
0.02146,0.0375,-1e-05,0.01198
0.02008,0.03048,-1e-05,0.014
0.02008,0.03048,-1e-05,0.014
0.02008,0.03048,-1e-05,0.014
0.02008,0.03048,-1e-05,0.014
0.01836,0.01099,0.0,0.01251
0.01836,0.01099,0.0,0.01251
0.01836,0.01099,0.0,0.01251
0.01836,0.01099,0.0,0.01251
0.01746,0.00065,0.0,0.014
0.01746,0.00065,0.0,0.014
0.01746,0.00065,0.0,0.014
0.01746,0.00065,0.0,0.014
0.015,0.0,0.00499,0.014
0.015,0.0,0.00499,0.014
0.015,0.0,0.00499,0.014
0.015,0.0,0.00499,0.014
0.03501,0.0,0.0203,0.03048
0.03501,0.0,0.0203,0.03048
0.03501,0.0,0.0203,0.03048
0.03501,0.0,0.0203,0.03048
0.0375,-1e-05,0.03854,0.03437
0.0375,-1e-05,0.03854,0.03437
0.0375,-1e-05,0.03854,0.03437
0.0375,-1e-05,0.03854,0.03437
0.03048,-1e-05,0.05082,0.0275
0.03048,-1e-05,0.05082,0.0275
0.03048,-1e-05,0.05082,0.0275
0.03048,-1e-05,0.05082,0.0275
0.01099,0.0,0.0433,0.01251
0.01099,0.0,0.0433,0.01251
0.01099,0.0,0.0433,0.01251
0.01099,0.0,0.0433,0.01251
0.00065,0.0,0.03368,0.00352
0.00065,0.0,0.03368,0.00352
0.00065,0.0,0.03368,0.00352
0.00065,0.0,0.03368,0.00352
0.0,0.00499,0.02163,1e-05
0.0,0.00499,0.02163,1e-05
0.0,0.00499,0.02163,1e-05
0.0,0.00499,0.02163,1e-05
0.0,0.0203,0.01666,0.0
0.0,0.0203,0.01666,0.0
0.0,0.0203,0.01666,0.0
0.0,0.0203,0.01666,0.0
-1e-05,0.03854,0.01198,0.0
-1e-05,0.03854,0.01198,0.0
-1e-05,0.03854,0.01198,0.0
-1e-05,0.03854,0.01198,0.0
-1e-05,0.05082,0.014,-1e-05
-1e-05,0.05082,0.014,-1e-05
-1e-05,0.05082,0.014,-1e-05
-1e-05,0.05082,0.014,-1e-05
0.0,0.0433,0.01251,1e-05
0.0,0.0433,0.01251,1e-05
0.0,0.0433,0.01251,1e-05
0.0,0.0433,0.01251,1e-05
0.0,0.03368,0.014,0.00352
0.0,0.03368,0.014,0.00352
0.0,0.03368,0.014,0.00352
0.0,0.03368,0.014,0.00352
0.00499,0.02163,0.014,0.0083
0.00499,0.02163,0.014,0.0083
0.00499,0.02163,0.014,0.0083
0.00499,0.02163,0.014,0.0083
0.0203,0.01666,0.03048,0.02846
0.0203,0.01666,0.03048,0.02846
0.0203,0.01666,0.03048,0.02846
0.0203,0.01666,0.03048,0.02846
0.03854,0.01198,0.03437,0.05201
0.03854,0.01198,0.03437,0.05201
0.03854,0.01198,0.03437,0.05201
0.03854,0.01198,0.03437,0.05201
0.05082,0.014,0.0275,0.05802
0.05082,0.014,0.0275,0.05802
0.05082,0.014,0.0275,0.05802
0.05082,0.014,0.0275,0.05802
0.0433,0.01251,0.01251,0.04191
0.0433,0.01251,0.01251,0.04191
0.0433,0.01251,0.01251,0.04191
0.0433,0.01251,0.01251,0.04191
0.03368,0.014,0.00352,0.035
0.03368,0.014,0.00352,0.035
0.03368,0.014,0.00352,0.035
0.03368,0.014,0.00352,0.035
0.02163,0.014,1e-05,0.03501
0.02163,0.014,1e-05,0.03501
0.02163,0.014,1e-05,0.03501
0.02163,0.014,1e-05,0.03501
0.01666,0.03048,0.0,0.02924
0.01666,0.03048,0.0,0.02924
0.01666,0.03048,0.0,0.02924
0.01666,0.03048,0.0,0.02924
0.01198,0.03437,0.0,0.03122
0.01198,0.03437,0.0,0.03122
0.01198,0.03437,0.0,0.03122
0.01198,0.03437,0.0,0.03122
0.014,0.0275,-1e-05,0.02924
0.014,0.0275,-1e-05,0.02924
0.014,0.0275,-1e-05,0.02924
0.014,0.0275,-1e-05,0.02924
0.01251,0.01251,1e-05,0.02909
0.01251,0.01251,1e-05,0.02909
0.01251,0.01251,1e-05,0.02909
0.01251,0.01251,1e-05,0.02909
0.014,0.00352,0.00352,0.03038
0.014,0.00352,0.00352,0.03038
0.014,0.00352,0.00352,0.03038
0.014,0.00352,0.00352,0.03038
0.014,1e-05,0.0083,0.03268
0.014,1e-05,0.0083,0.03268
0.014,1e-05,0.0083,0.03268
0.014,1e-05,0.0083,0.03268
0.03048,0.0,0.02846,0.02924
0.03048,0.0,0.02846,0.02924
0.03048,0.0,0.02846,0.02924
0.03048,0.0,0.02846,0.02924
0.03437,0.0,0.05201,0.03095
0.03437,0.0,0.05201,0.03095
0.03437,0.0,0.05201,0.03095
0.03437,0.0,0.05201,0.03095
0.0275,-1e-05,0.05802,0.033
0.0275,-1e-05,0.05802,0.033
0.0275,-1e-05,0.05802,0.033
0.0275,-1e-05,0.05802,0.033
0.01251,1e-05,0.04191,0.02019
0.01251,1e-05,0.04191,0.02019
0.01251,1e-05,0.04191,0.02019
0.01251,1e-05,0.04191,0.02019
0.00352,0.00352,0.035,0.00801
0.00352,0.00352,0.035,0.00801
0.00352,0.00352,0.035,0.00801
0.00352,0.00352,0.035,0.00801
1e-05,0.0083,0.03501,0.00352
1e-05,0.0083,0.03501,0.00352
1e-05,0.0083,0.03501,0.00352
1e-05,0.0083,0.03501,0.00352
0.0,0.02846,0.02924,0.0018
0.0,0.02846,0.02924,0.0018
0.0,0.02846,0.02924,0.0018
0.0,0.02846,0.02924,0.0018
0.0,0.05201,0.03122,0.00017
0.0,0.05201,0.03122,0.00017
0.0,0.05201,0.03122,0.00017
0.0,0.05201,0.03122,0.00017
-1e-05,0.05802,0.02924,1e-05
-1e-05,0.05802,0.02924,1e-05
-1e-05,0.05802,0.02924,1e-05
-1e-05,0.05802,0.02924,1e-05
1e-05,0.04191,0.02909,1e-05
1e-05,0.04191,0.02909,1e-05
1e-05,0.04191,0.02909,1e-05
1e-05,0.04191,0.02909,1e-05
0.00352,0.035,0.03038,0.01808
0.00352,0.035,0.03038,0.01808
0.00352,0.035,0.03038,0.01808
0.00352,0.035,0.03038,0.01808
0.0083,0.03501,0.03268,0.02257
0.0083,0.03501,0.03268,0.02257
0.0083,0.03501,0.03268,0.02257
0.0083,0.03501,0.03268,0.02257
0.02846,0.02924,0.02924,0.03384
0.02846,0.02924,0.02924,0.03384
0.02846,0.02924,0.02924,0.03384
0.02846,0.02924,0.02924,0.03384
0.05201,0.03122,0.03095,0.05002
0.05201,0.03122,0.03095,0.05002
0.05201,0.03122,0.03095,0.05002
0.05201,0.03122,0.03095,0.05002
0.05802,0.02924,0.033,0.079
0.05802,0.02924,0.033,0.079
0.05802,0.02924,0.033,0.079
0.05802,0.02924,0.033,0.079
0.04191,0.02909,0.02019,0.05544
0.04191,0.02909,0.02019,0.05544
0.04191,0.02909,0.02019,0.05544
0.04191,0.02909,0.02019,0.05544
0.035,0.03038,0.00801,0.04559
0.035,0.03038,0.00801,0.04559
0.035,0.03038,0.00801,0.04559
0.035,0.03038,0.00801,0.04559
0.03501,0.03268,0.00352,0.035
0.03501,0.03268,0.00352,0.035
0.03501,0.03268,0.00352,0.035
0.03501,0.03268,0.00352,0.035
0.02924,0.02924,0.0018,0.035
0.02924,0.02924,0.0018,0.035
0.02924,0.02924,0.0018,0.035
0.02924,0.02924,0.0018,0.035
0.03122,0.03095,0.00017,0.0313
0.03122,0.03095,0.00017,0.0313
0.03122,0.03095,0.00017,0.0313
0.03122,0.03095,0.00017,0.0313
0.02924,0.033,1e-05,0.02008
0.02924,0.033,1e-05,0.02008
0.02924,0.033,1e-05,0.02008
0.02924,0.033,1e-05,0.02008
0.02909,0.02019,1e-05,0.01531
0.02909,0.02019,1e-05,0.01531
0.02909,0.02019,1e-05,0.01531
0.02909,0.02019,1e-05,0.01531
0.03038,0.00801,0.01808,0.01499
0.03038,0.00801,0.01808,0.01499
0.03038,0.00801,0.01808,0.01499
0.03038,0.00801,0.01808,0.01499
0.03268,0.00352,0.02257,0.02163
0.03268,0.00352,0.02257,0.02163
0.03268,0.00352,0.02257,0.02163
0.03268,0.00352,0.02257,0.02163
0.02924,0.0018,0.03384,0.02775
0.02924,0.0018,0.03384,0.02775
0.02924,0.0018,0.03384,0.02775
0.02924,0.0018,0.03384,0.02775
0.03095,0.00017,0.05002,0.01723
0.03095,0.00017,0.05002,0.01723
0.03095,0.00017,0.05002,0.01723
0.03095,0.00017,0.05002,0.01723
0.033,1e-05,0.079,0.009
0.033,1e-05,0.079,0.009
0.033,1e-05,0.079,0.009
0.033,1e-05,0.079,0.009
0.02019,1e-05,0.05544,0.00255
0.02019,1e-05,0.05544,0.00255
0.02019,1e-05,0.05544,0.00255
0.02019,1e-05,0.05544,0.00255
0.00801,0.01808,0.04559,0.00018
0.00801,0.01808,0.04559,0.00018
0.00801,0.01808,0.04559,0.00018
0.00801,0.01808,0.04559,0.00018
0.00352,0.02257,0.035,0.0
0.00352,0.02257,0.035,0.0
0.00352,0.02257,0.035,0.0
0.00352,0.02257,0.035,0.0
0.0018,0.03384,0.035,-1e-05
0.0018,0.03384,0.035,-1e-05
0.0018,0.03384,0.035,-1e-05
0.0018,0.03384,0.035,-1e-05
0.00017,0.05002,0.0313,-0.0002
0.00017,0.05002,0.0313,-0.0002
0.00017,0.05002,0.0313,-0.0002
0.00017,0.05002,0.0313,-0.0002
1e-05,0.079,0.02008,-0.00151
1e-05,0.079,0.02008,-0.00151
1e-05,0.079,0.02008,-0.00151
1e-05,0.079,0.02008,-0.00151
1e-05,0.05544,0.01531,-1e-05
1e-05,0.05544,0.01531,-1e-05
1e-05,0.05544,0.01531,-1e-05
1e-05,0.05544,0.01531,-1e-05
0.01808,0.04559,0.01499,0.0
0.01808,0.04559,0.01499,0.0
0.01808,0.04559,0.01499,0.0
0.01808,0.04559,0.01499,0.0
0.02257,0.035,0.02163,0.00135
0.02257,0.035,0.02163,0.00135
0.02257,0.035,0.02163,0.00135
0.02257,0.035,0.02163,0.00135
0.03384,0.035,0.02775,0.00824
0.03384,0.035,0.02775,0.00824
0.03384,0.035,0.02775,0.00824
0.03384,0.035,0.02775,0.00824
0.05002,0.0313,0.01723,0.04431
0.05002,0.0313,0.01723,0.04431
0.05002,0.0313,0.01723,0.04431
0.05002,0.0313,0.01723,0.04431
0.079,0.02008,0.009,0.06055
0.079,0.02008,0.009,0.06055
0.079,0.02008,0.009,0.06055
0.079,0.02008,0.009,0.06055
0.05544,0.01531,0.00255,0.05904
0.05544,0.01531,0.00255,0.05904
0.05544,0.01531,0.00255,0.05904
0.05544,0.01531,0.00255,0.05904
0.04559,0.01499,0.00018,0.0385
0.04559,0.01499,0.00018,0.0385
0.04559,0.01499,0.00018,0.0385
0.04559,0.01499,0.00018,0.0385
0.035,0.02163,0.0,0.03923
0.035,0.02163,0.0,0.03923
0.035,0.02163,0.0,0.03923
0.035,0.02163,0.0,0.03923
0.035,0.02775,-1e-05,0.03816
0.035,0.02775,-1e-05,0.03816
0.035,0.02775,-1e-05,0.03816
0.035,0.02775,-1e-05,0.03816
0.0313,0.01723,-0.0002,0.03774
0.0313,0.01723,-0.0002,0.03774
0.0313,0.01723,-0.0002,0.03774
0.0313,0.01723,-0.0002,0.03774
0.02008,0.009,-0.00151,0.035
0.02008,0.009,-0.00151,0.035
0.02008,0.009,-0.00151,0.035
0.02008,0.009,-0.00151,0.035
0.01531,0.00255,-1e-05,0.03001
0.01531,0.00255,-1e-05,0.03001
0.01531,0.00255,-1e-05,0.03001
0.01531,0.00255,-1e-05,0.03001
0.01499,0.00018,0.0,0.03501
0.01499,0.00018,0.0,0.03501
0.01499,0.00018,0.0,0.03501
0.01499,0.00018,0.0,0.03501
0.02163,0.0,0.00135,0.0425
0.02163,0.0,0.00135,0.0425
0.02163,0.0,0.00135,0.0425
0.02163,0.0,0.00135,0.0425
0.02775,-1e-05,0.00824,0.06819
0.02775,-1e-05,0.00824,0.06819
0.02775,-1e-05,0.00824,0.06819
0.02775,-1e-05,0.00824,0.06819
0.01723,-0.0002,0.04431,0.07494
0.01723,-0.0002,0.04431,0.07494
0.01723,-0.0002,0.04431,0.07494
0.01723,-0.0002,0.04431,0.07494
0.009,-0.00151,0.06055,0.03774
0.009,-0.00151,0.06055,0.03774
0.009,-0.00151,0.06055,0.03774
0.009,-0.00151,0.06055,0.03774
0.00255,-1e-05,0.05904,0.03055
0.00255,-1e-05,0.05904,0.03055
0.00255,-1e-05,0.05904,0.03055
0.00255,-1e-05,0.05904,0.03055
0.00018,0.0,0.0385,0.0074
0.00018,0.0,0.0385,0.0074
0.00018,0.0,0.0385,0.0074
0.00018,0.0,0.0385,0.0074
0.0,0.00135,0.03923,0.00352
0.0,0.00135,0.03923,0.00352
0.0,0.00135,0.03923,0.00352
0.0,0.00135,0.03923,0.00352
-1e-05,0.00824,0.03816,0.00065
-1e-05,0.00824,0.03816,0.00065
-1e-05,0.00824,0.03816,0.00065
-1e-05,0.00824,0.03816,0.00065
-0.0002,0.04431,0.03774,0.0
-0.0002,0.04431,0.03774,0.0
-0.0002,0.04431,0.03774,0.0
-0.0002,0.04431,0.03774,0.0
-0.00151,0.06055,0.035,0.0
-0.00151,0.06055,0.035,0.0
-0.00151,0.06055,0.035,0.0
-0.00151,0.06055,0.035,0.0
-1e-05,0.05904,0.03001,0.0
-1e-05,0.05904,0.03001,0.0
-1e-05,0.05904,0.03001,0.0
-1e-05,0.05904,0.03001,0.0
0.0,0.0385,0.03501,0.0
0.0,0.0385,0.03501,0.0
0.0,0.0385,0.03501,0.0
0.0,0.0385,0.03501,0.0
0.00135,0.03923,0.0425,0.00065
0.00135,0.03923,0.0425,0.00065
0.00135,0.03923,0.0425,0.00065
0.00135,0.03923,0.0425,0.00065
0.00824,0.03816,0.06819,0.00499
0.00824,0.03816,0.06819,0.00499
0.00824,0.03816,0.06819,0.00499
0.00824,0.03816,0.06819,0.00499
0.04431,0.03774,0.07494,0.035
0.04431,0.03774,0.07494,0.035
0.04431,0.03774,0.07494,0.035
0.04431,0.03774,0.07494,0.035
0.06055,0.035,0.03774,0.035
0.06055,0.035,0.03774,0.035
0.06055,0.035,0.03774,0.035
0.06055,0.035,0.03774,0.035
0.05904,0.03001,0.03055,0.01975
0.05904,0.03001,0.03055,0.01975
0.05904,0.03001,0.03055,0.01975
0.05904,0.03001,0.03055,0.01975
0.0385,0.03501,0.0074,0.013
0.0385,0.03501,0.0074,0.013
0.0385,0.03501,0.0074,0.013
0.0385,0.03501,0.0074,0.013
0.03923,0.0425,0.00352,0.014
0.03923,0.0425,0.00352,0.014
0.03923,0.0425,0.00352,0.014
0.03923,0.0425,0.00352,0.014
0.03816,0.06819,0.00065,0.0075
0.03816,0.06819,0.00065,0.0075
0.03816,0.06819,0.00065,0.0075
0.03816,0.06819,0.00065,0.0075
0.03774,0.07494,0.0,0.00564
0.03774,0.07494,0.0,0.00564
0.03774,0.07494,0.0,0.00564
0.03774,0.07494,0.0,0.00564
0.035,0.03774,0.0,0.0045
0.035,0.03774,0.0,0.0045
0.035,0.03774,0.0,0.0045
0.035,0.03774,0.0,0.0045
0.03001,0.03055,0.0,0.0036
0.03001,0.03055,0.0,0.0036
0.03001,0.03055,0.0,0.0036
0.03001,0.03055,0.0,0.0036
0.03501,0.0074,0.0,0.00708
0.03501,0.0074,0.0,0.00708
0.03501,0.0074,0.0,0.00708
0.03501,0.0074,0.0,0.00708
0.0425,0.00352,0.00065,0.02008
0.0425,0.00352,0.00065,0.02008
0.0425,0.00352,0.00065,0.02008
0.0425,0.00352,0.00065,0.02008
0.06819,0.00065,0.00499,0.03445
0.06819,0.00065,0.00499,0.03445
0.06819,0.00065,0.00499,0.03445
0.06819,0.00065,0.00499,0.03445
0.07494,0.0,0.035,0.035
0.07494,0.0,0.035,0.035
0.07494,0.0,0.035,0.035
0.07494,0.0,0.035,0.035
0.03774,0.0,0.035,0.01874
0.03774,0.0,0.035,0.01874
0.03774,0.0,0.035,0.01874
0.03774,0.0,0.035,0.01874
0.03055,0.0,0.01975,0.0055
0.03055,0.0,0.01975,0.0055
0.03055,0.0,0.01975,0.0055
0.03055,0.0,0.01975,0.0055
0.0074,0.0,0.013,0.00352
0.0074,0.0,0.013,0.00352
0.0074,0.0,0.013,0.00352
0.0074,0.0,0.013,0.00352
0.00352,0.00065,0.014,8e-05
0.00352,0.00065,0.014,8e-05
0.00352,0.00065,0.014,8e-05
0.00352,0.00065,0.014,8e-05
0.00065,0.00499,0.0075,0.0
0.00065,0.00499,0.0075,0.0
0.00065,0.00499,0.0075,0.0
0.00065,0.00499,0.0075,0.0
0.0,0.035,0.00564,-1e-05
0.0,0.035,0.00564,-1e-05
0.0,0.035,0.00564,-1e-05
0.0,0.035,0.00564,-1e-05
0.0,0.035,0.0045,-1e-05
0.0,0.035,0.0045,-1e-05
0.0,0.035,0.0045,-1e-05
0.0,0.035,0.0045,-1e-05
0.0,0.01975,0.0036,-1e-05
0.0,0.01975,0.0036,-1e-05
0.0,0.01975,0.0036,-1e-05
0.0,0.01975,0.0036,-1e-05
0.0,0.013,0.00708,0.0
0.0,0.013,0.00708,0.0
0.0,0.013,0.00708,0.0
0.0,0.013,0.00708,0.0
0.00065,0.014,0.02008,0.00255
0.00065,0.014,0.02008,0.00255
0.00065,0.014,0.02008,0.00255
0.00065,0.014,0.02008,0.00255
0.00499,0.0075,0.03445,0.0075
0.00499,0.0075,0.03445,0.0075
0.00499,0.0075,0.03445,0.0075
0.00499,0.0075,0.03445,0.0075
0.035,0.00564,0.035,0.03347
0.035,0.00564,0.035,0.03347
0.035,0.00564,0.035,0.03347
0.035,0.00564,0.035,0.03347
0.035,0.0045,0.01874,0.035
0.035,0.0045,0.01874,0.035
0.035,0.0045,0.01874,0.035
0.035,0.0045,0.01874,0.035
0.01975,0.0036,0.0055,0.02196
0.01975,0.0036,0.0055,0.02196
0.01975,0.0036,0.0055,0.02196
0.01975,0.0036,0.0055,0.02196
0.013,0.00708,0.00352,0.02146
0.013,0.00708,0.00352,0.02146
0.013,0.00708,0.00352,0.02146
0.013,0.00708,0.00352,0.02146
0.014,0.02008,8e-05,0.01622
0.014,0.02008,8e-05,0.01622
0.014,0.02008,8e-05,0.01622
0.014,0.02008,8e-05,0.01622
0.0075,0.03445,0.0,0.01622
0.0075,0.03445,0.0,0.01622
0.0075,0.03445,0.0,0.01622
0.0075,0.03445,0.0,0.01622
0.00564,0.035,-1e-05,0.015
0.00564,0.035,-1e-05,0.015
0.00564,0.035,-1e-05,0.015
0.00564,0.035,-1e-05,0.015
0.0045,0.01874,-1e-05,0.01296
0.0045,0.01874,-1e-05,0.01296
0.0045,0.01874,-1e-05,0.01296
0.0045,0.01874,-1e-05,0.01296
0.0036,0.0055,-1e-05,0.006
0.0036,0.0055,-1e-05,0.006
0.0036,0.0055,-1e-05,0.006
0.0036,0.0055,-1e-05,0.006
0.00708,0.00352,0.0,0.00699
0.00708,0.00352,0.0,0.00699
0.00708,0.00352,0.0,0.00699
0.00708,0.00352,0.0,0.00699
0.02008,8e-05,0.00255,0.01598
0.02008,8e-05,0.00255,0.01598
0.02008,8e-05,0.00255,0.01598
0.02008,8e-05,0.00255,0.01598
0.03445,0.0,0.0075,0.01746
0.03445,0.0,0.0075,0.01746
0.03445,0.0,0.0075,0.01746
0.03445,0.0,0.0075,0.01746
0.035,-1e-05,0.03347,0.015
0.035,-1e-05,0.03347,0.015
0.035,-1e-05,0.03347,0.015
0.035,-1e-05,0.03347,0.015
0.01874,-1e-05,0.035,0.0038
0.01874,-1e-05,0.035,0.0038
0.01874,-1e-05,0.035,0.0038
0.01874,-1e-05,0.035,0.0038
0.0055,-1e-05,0.02196,0.00066
0.0055,-1e-05,0.02196,0.00066
0.0055,-1e-05,0.02196,0.00066
0.0055,-1e-05,0.02196,0.00066
0.00352,0.0,0.02146,0.0
0.00352,0.0,0.02146,0.0
0.00352,0.0,0.02146,0.0
0.00352,0.0,0.02146,0.0
8e-05,0.00255,0.01622,0.0
8e-05,0.00255,0.01622,0.0
8e-05,0.00255,0.01622,0.0
8e-05,0.00255,0.01622,0.0
0.0,0.0075,0.01622,0.0
0.0,0.0075,0.01622,0.0
0.0,0.0075,0.01622,0.0
0.0,0.0075,0.01622,0.0
-1e-05,0.03347,0.015,0.0
-1e-05,0.03347,0.015,0.0
-1e-05,0.03347,0.015,0.0
-1e-05,0.03347,0.015,0.0
-1e-05,0.035,0.01296,-1e-05
-1e-05,0.035,0.01296,-1e-05
-1e-05,0.035,0.01296,-1e-05
-1e-05,0.035,0.01296,-1e-05
-1e-05,0.02196,0.006,-1e-05
-1e-05,0.02196,0.006,-1e-05
-1e-05,0.02196,0.006,-1e-05
-1e-05,0.02196,0.006,-1e-05
0.0,0.02146,0.00699,0.0
0.0,0.02146,0.00699,0.0
0.0,0.02146,0.00699,0.0
0.0,0.02146,0.00699,0.0
0.00255,0.01622,0.01598,0.00065
0.00255,0.01622,0.01598,0.00065
0.00255,0.01622,0.01598,0.00065
0.00255,0.01622,0.01598,0.00065
0.0075,0.01622,0.01746,0.0061
0.0075,0.01622,0.01746,0.0061
0.0075,0.01622,0.01746,0.0061
0.0075,0.01622,0.01746,0.0061
0.03347,0.015,0.015,0.03092
0.03347,0.015,0.015,0.03092
0.03347,0.015,0.015,0.03092
0.03347,0.015,0.015,0.03092
0.035,0.01296,0.0038,0.06921
0.035,0.01296,0.0038,0.06921
0.035,0.01296,0.0038,0.06921
0.035,0.01296,0.0038,0.06921
0.02196,0.006,0.00066,0.036
0.02196,0.006,0.00066,0.036
0.02196,0.006,0.00066,0.036
0.02196,0.006,0.00066,0.036
0.02146,0.00699,0.0,0.02215
0.02146,0.00699,0.0,0.02215
0.02146,0.00699,0.0,0.02215
0.02146,0.00699,0.0,0.02215
0.01622,0.01598,0.0,0.02019
0.01622,0.01598,0.0,0.02019
0.01622,0.01598,0.0,0.02019
0.01622,0.01598,0.0,0.02019
0.01622,0.01746,0.0,0.01622
0.01622,0.01746,0.0,0.01622
0.01622,0.01746,0.0,0.01622
0.01622,0.01746,0.0,0.01622
0.015,0.015,0.0,0.01598
0.015,0.015,0.0,0.01598
0.015,0.015,0.0,0.01598
0.015,0.015,0.0,0.01598
0.01296,0.0038,-1e-05,0.01588
0.01296,0.0038,-1e-05,0.01588
0.01296,0.0038,-1e-05,0.01588
0.01296,0.0038,-1e-05,0.01588
0.006,0.00066,-1e-05,0.0155
0.006,0.00066,-1e-05,0.0155
0.006,0.00066,-1e-05,0.0155
0.006,0.00066,-1e-05,0.0155
0.00699,0.0,0.0,0.0155
0.00699,0.0,0.0,0.0155
0.00699,0.0,0.0,0.0155
0.00699,0.0,0.0,0.0155
0.01598,0.0,0.00065,0.01646
0.01598,0.0,0.00065,0.01646
0.01598,0.0,0.00065,0.01646
0.01598,0.0,0.00065,0.01646
0.01746,0.0,0.0061,0.02248
0.01746,0.0,0.0061,0.02248
0.01746,0.0,0.0061,0.02248
0.01746,0.0,0.0061,0.02248
0.015,0.0,0.03092,0.01997
0.015,0.0,0.03092,0.01997
0.015,0.0,0.03092,0.01997
0.015,0.0,0.03092,0.01997
0.0038,-1e-05,0.06921,0.0095
0.0038,-1e-05,0.06921,0.0095
0.0038,-1e-05,0.06921,0.0095
0.0038,-1e-05,0.06921,0.0095
0.00066,-1e-05,0.036,0.00352
0.00066,-1e-05,0.036,0.00352
0.00066,-1e-05,0.036,0.00352
0.00066,-1e-05,0.036,0.00352
0.0,0.0,0.02215,0.00149
0.0,0.0,0.02215,0.00149
0.0,0.0,0.02215,0.00149
0.0,0.0,0.02215,0.00149
0.0,0.00065,0.02019,0.0
0.0,0.00065,0.02019,0.0
0.0,0.00065,0.02019,0.0
0.0,0.00065,0.02019,0.0
0.0,0.0061,0.01622,0.0
0.0,0.0061,0.01622,0.0
0.0,0.0061,0.01622,0.0
0.0,0.0061,0.01622,0.0
0.0,0.03092,0.01598,0.0
0.0,0.03092,0.01598,0.0
0.0,0.03092,0.01598,0.0
0.0,0.03092,0.01598,0.0
-1e-05,0.06921,0.01588,0.0
-1e-05,0.06921,0.01588,0.0
-1e-05,0.06921,0.01588,0.0
-1e-05,0.06921,0.01588,0.0
-1e-05,0.036,0.0155,0.0
-1e-05,0.036,0.0155,0.0
-1e-05,0.036,0.0155,0.0
-1e-05,0.036,0.0155,0.0
0.0,0.02215,0.0155,0.0
0.0,0.02215,0.0155,0.0
0.0,0.02215,0.0155,0.0
0.0,0.02215,0.0155,0.0
0.00065,0.02019,0.01646,0.00352
0.00065,0.02019,0.01646,0.00352
0.00065,0.02019,0.01646,0.00352
0.00065,0.02019,0.01646,0.00352
0.0061,0.01622,0.02248,0.02008
0.0061,0.01622,0.02248,0.02008
0.0061,0.01622,0.02248,0.02008
0.0061,0.01622,0.02248,0.02008
0.03092,0.01598,0.01997,0.07283
0.03092,0.01598,0.01997,0.07283
0.03092,0.01598,0.01997,0.07283
0.03092,0.01598,0.01997,0.07283
0.06921,0.01588,0.0095,0.1075
0.06921,0.01588,0.0095,0.1075
0.06921,0.01588,0.0095,0.1075
0.06921,0.01588,0.0095,0.1075
0.036,0.0155,0.00352,0.08756
0.036,0.0155,0.00352,0.08756
0.036,0.0155,0.00352,0.08756
0.036,0.0155,0.00352,0.08756
0.02215,0.0155,0.00149,0.0624
0.02215,0.0155,0.00149,0.0624
0.02215,0.0155,0.00149,0.0624
0.02215,0.0155,0.00149,0.0624
0.02019,0.01646,0.0,0.036
0.02019,0.01646,0.0,0.036
0.02019,0.01646,0.0,0.036
0.02019,0.01646,0.0,0.036
0.01622,0.02248,0.0,0.02153
0.01622,0.02248,0.0,0.02153
0.01622,0.02248,0.0,0.02153
0.01622,0.02248,0.0,0.02153
0.01598,0.01997,0.0,0.02026
0.01598,0.01997,0.0,0.02026
0.01598,0.01997,0.0,0.02026
0.01598,0.01997,0.0,0.02026
0.01588,0.0095,0.0,0.02057
0.01588,0.0095,0.0,0.02057
0.01588,0.0095,0.0,0.02057
0.01588,0.0095,0.0,0.02057
0.0155,0.00352,0.0,0.02057
0.0155,0.00352,0.0,0.02057
0.0155,0.00352,0.0,0.02057
0.0155,0.00352,0.0,0.02057
0.0155,0.00149,0.0,0.02026
0.0155,0.00149,0.0,0.02026
0.0155,0.00149,0.0,0.02026
0.0155,0.00149,0.0,0.02026
0.01646,0.0,0.00352,0.01555
0.01646,0.0,0.00352,0.01555
0.01646,0.0,0.00352,0.01555
0.01646,0.0,0.00352,0.01555
0.02248,0.0,0.02008,0.01898
0.02248,0.0,0.02008,0.01898
0.02248,0.0,0.02008,0.01898
0.02248,0.0,0.02008,0.01898
0.01997,0.0,0.07283,0.01205
0.01997,0.0,0.07283,0.01205
0.01997,0.0,0.07283,0.01205
0.01997,0.0,0.07283,0.01205
0.0095,0.0,0.1075,0.00431
0.0095,0.0,0.1075,0.00431
0.0095,0.0,0.1075,0.00431
0.0095,0.0,0.1075,0.00431
0.00352,0.0,0.08756,0.002
0.00352,0.0,0.08756,0.002
0.00352,0.0,0.08756,0.002
0.00352,0.0,0.08756,0.002
0.00149,0.0,0.0624,0.0
0.00149,0.0,0.0624,0.0
0.00149,0.0,0.0624,0.0
0.00149,0.0,0.0624,0.0
0.0,0.00352,0.036,-0.0003
0.0,0.00352,0.036,-0.0003
0.0,0.00352,0.036,-0.0003
0.0,0.00352,0.036,-0.0003
0.0,0.02008,0.02153,-0.00079
0.0,0.02008,0.02153,-0.00079
0.0,0.02008,0.02153,-0.00079
0.0,0.02008,0.02153,-0.00079
0.0,0.07283,0.02026,-0.00116
0.0,0.07283,0.02026,-0.00116
0.0,0.07283,0.02026,-0.00116
0.0,0.07283,0.02026,-0.00116
0.0,0.1075,0.02057,-0.00154
0.0,0.1075,0.02057,-0.00154
0.0,0.1075,0.02057,-0.00154
0.0,0.1075,0.02057,-0.00154
0.0,0.08756,0.02057,-0.00154
0.0,0.08756,0.02057,-0.00154
0.0,0.08756,0.02057,-0.00154
0.0,0.08756,0.02057,-0.00154
0.0,0.0624,0.02026,-0.00151
0.0,0.0624,0.02026,-0.00151
0.0,0.0624,0.02026,-0.00151
0.0,0.0624,0.02026,-0.00151
0.00352,0.036,0.01555,0.0
0.00352,0.036,0.01555,0.0
0.00352,0.036,0.01555,0.0
0.00352,0.036,0.01555,0.0
0.02008,0.02153,0.01898,0.00352
0.02008,0.02153,0.01898,0.00352
0.02008,0.02153,0.01898,0.00352
0.02008,0.02153,0.01898,0.00352
0.07283,0.02026,0.01205,0.02153
0.07283,0.02026,0.01205,0.02153
0.07283,0.02026,0.01205,0.02153
0.07283,0.02026,0.01205,0.02153
0.1075,0.02057,0.00431,0.035
0.1075,0.02057,0.00431,0.035
0.1075,0.02057,0.00431,0.035
0.1075,0.02057,0.00431,0.035
0.08756,0.02057,0.002,0.03
0.08756,0.02057,0.002,0.03
0.08756,0.02057,0.002,0.03
0.08756,0.02057,0.002,0.03
0.0624,0.02026,0.0,0.02105
0.0624,0.02026,0.0,0.02105
0.0624,0.02026,0.0,0.02105
0.0624,0.02026,0.0,0.02105
0.036,0.01555,-0.0003,0.008
0.036,0.01555,-0.0003,0.008
0.036,0.01555,-0.0003,0.008
0.036,0.01555,-0.0003,0.008
0.02153,0.01898,-0.00079,0.00483
0.02153,0.01898,-0.00079,0.00483
0.02153,0.01898,-0.00079,0.00483
0.02153,0.01898,-0.00079,0.00483
0.02026,0.01205,-0.00116,0.00383
0.02026,0.01205,-0.00116,0.00383
0.02026,0.01205,-0.00116,0.00383
0.02026,0.01205,-0.00116,0.00383
0.02057,0.00431,-0.00154,0.00352
0.02057,0.00431,-0.00154,0.00352
0.02057,0.00431,-0.00154,0.00352
0.02057,0.00431,-0.00154,0.00352
0.02057,0.002,-0.00154,0.00352
0.02057,0.002,-0.00154,0.00352
0.02057,0.002,-0.00154,0.00352
0.02057,0.002,-0.00154,0.00352
0.02026,0.0,-0.00151,0.00352
0.02026,0.0,-0.00151,0.00352
0.02026,0.0,-0.00151,0.00352
0.02026,0.0,-0.00151,0.00352
0.01555,-0.0003,0.0,0.00352
0.01555,-0.0003,0.0,0.00352
0.01555,-0.0003,0.0,0.00352
0.01555,-0.0003,0.0,0.00352
0.01898,-0.00079,0.00352,0.00352
0.01898,-0.00079,0.00352,0.00352
0.01898,-0.00079,0.00352,0.00352
0.01898,-0.00079,0.00352,0.00352
0.01205,-0.00116,0.02153,0.0024
0.01205,-0.00116,0.02153,0.0024
0.01205,-0.00116,0.02153,0.0024
0.01205,-0.00116,0.02153,0.0024
0.00431,-0.00154,0.035,0.0
0.00431,-0.00154,0.035,0.0
0.00431,-0.00154,0.035,0.0
0.00431,-0.00154,0.035,0.0
0.002,-0.00154,0.03,-0.00079
0.002,-0.00154,0.03,-0.00079
0.002,-0.00154,0.03,-0.00079
0.002,-0.00154,0.03,-0.00079
0.0,-0.00151,0.02105,-0.00154
0.0,-0.00151,0.02105,-0.00154
0.0,-0.00151,0.02105,-0.00154
0.0,-0.00151,0.02105,-0.00154
-0.0003,0.0,0.008,-0.00154
-0.0003,0.0,0.008,-0.00154
-0.0003,0.0,0.008,-0.00154
-0.0003,0.0,0.008,-0.00154
-0.00079,0.00352,0.00483,-0.0022
-0.00079,0.00352,0.00483,-0.0022
-0.00079,0.00352,0.00483,-0.0022
-0.00079,0.00352,0.00483,-0.0022
-0.00116,0.02153,0.00383,-0.003
-0.00116,0.02153,0.00383,-0.003
-0.00116,0.02153,0.00383,-0.003
-0.00116,0.02153,0.00383,-0.003
-0.00154,0.035,0.00352,-0.004
-0.00154,0.035,0.00352,-0.004
-0.00154,0.035,0.00352,-0.004
-0.00154,0.035,0.00352,-0.004
-0.00154,0.03,0.00352,-0.004
-0.00154,0.03,0.00352,-0.004
-0.00154,0.03,0.00352,-0.004
-0.00154,0.03,0.00352,-0.004
-0.00151,0.02105,0.00352,-0.003
-0.00151,0.02105,0.00352,-0.003
-0.00151,0.02105,0.00352,-0.003
-0.00151,0.02105,0.00352,-0.003
0.0,0.008,0.00352,-0.00154
0.0,0.008,0.00352,-0.00154
0.0,0.008,0.00352,-0.00154
0.0,0.008,0.00352,-0.00154
0.00352,0.00483,0.00352,0.0
0.00352,0.00483,0.00352,0.0
0.00352,0.00483,0.00352,0.0
0.00352,0.00483,0.00352,0.0
0.02153,0.00383,0.0024,0.00278
0.02153,0.00383,0.0024,0.00278
0.02153,0.00383,0.0024,0.00278
0.02153,0.00383,0.0024,0.00278
0.035,0.00352,0.0,0.008
0.035,0.00352,0.0,0.008
0.035,0.00352,0.0,0.008
0.035,0.00352,0.0,0.008
0.03,0.00352,-0.00079,0.00755
0.03,0.00352,-0.00079,0.00755
0.03,0.00352,-0.00079,0.00755
0.03,0.00352,-0.00079,0.00755
0.02105,0.00352,-0.00154,0.008
0.02105,0.00352,-0.00154,0.008
0.02105,0.00352,-0.00154,0.008
0.02105,0.00352,-0.00154,0.008
0.008,0.00352,-0.00154,0.00352
0.008,0.00352,-0.00154,0.00352
0.008,0.00352,-0.00154,0.00352
0.008,0.00352,-0.00154,0.00352
0.00483,0.00352,-0.0022,0.00278
0.00483,0.00352,-0.0022,0.00278
0.00483,0.00352,-0.0022,0.00278
0.00483,0.00352,-0.0022,0.00278
0.00383,0.0024,-0.003,0.0021
0.00383,0.0024,-0.003,0.0021
0.00383,0.0024,-0.003,0.0021
0.00383,0.0024,-0.003,0.0021
0.00352,0.0,-0.004,0.00217
0.00352,0.0,-0.004,0.00217
0.00352,0.0,-0.004,0.00217
0.00352,0.0,-0.004,0.00217
0.00352,-0.00079,-0.004,0.003
0.00352,-0.00079,-0.004,0.003
0.00352,-0.00079,-0.004,0.003
0.00352,-0.00079,-0.004,0.003
0.00352,-0.00154,-0.003,0.00352
0.00352,-0.00154,-0.003,0.00352
0.00352,-0.00154,-0.003,0.00352
0.00352,-0.00154,-0.003,0.00352
0.00352,-0.00154,-0.00154,0.00352
0.00352,-0.00154,-0.00154,0.00352
0.00352,-0.00154,-0.00154,0.00352
0.00352,-0.00154,-0.00154,0.00352
0.00352,-0.0022,0.0,0.0055
0.00352,-0.0022,0.0,0.0055
0.00352,-0.0022,0.0,0.0055
0.00352,-0.0022,0.0,0.0055
0.0024,-0.003,0.00278,0.00352
0.0024,-0.003,0.00278,0.00352
0.0024,-0.003,0.00278,0.00352
0.0024,-0.003,0.00278,0.00352
0.0,-0.004,0.008,0.0016
0.0,-0.004,0.008,0.0016
0.0,-0.004,0.008,0.0016
0.0,-0.004,0.008,0.0016
-0.00079,-0.004,0.00755,0.0
-0.00079,-0.004,0.00755,0.0
-0.00079,-0.004,0.00755,0.0
-0.00079,-0.004,0.00755,0.0
-0.00154,-0.003,0.008,-2e-05
-0.00154,-0.003,0.008,-2e-05
-0.00154,-0.003,0.008,-2e-05
-0.00154,-0.003,0.008,-2e-05
-0.00154,-0.00154,0.00352,-0.00099
-0.00154,-0.00154,0.00352,-0.00099
-0.00154,-0.00154,0.00352,-0.00099
-0.00154,-0.00154,0.00352,-0.00099
-0.0022,0.0,0.00278,-0.004
-0.0022,0.0,0.00278,-0.004
-0.0022,0.0,0.00278,-0.004
-0.0022,0.0,0.00278,-0.004
-0.003,0.00278,0.0021,-0.00499
-0.003,0.00278,0.0021,-0.00499
-0.003,0.00278,0.0021,-0.00499
-0.003,0.00278,0.0021,-0.00499
-0.004,0.008,0.00217,-0.0042
-0.004,0.008,0.00217,-0.0042
-0.004,0.008,0.00217,-0.0042
-0.004,0.008,0.00217,-0.0042
-0.004,0.00755,0.003,-0.00154
-0.004,0.00755,0.003,-0.00154
-0.004,0.00755,0.003,-0.00154
-0.004,0.00755,0.003,-0.00154
-0.003,0.008,0.00352,-0.00154
-0.003,0.008,0.00352,-0.00154
-0.003,0.008,0.00352,-0.00154
-0.003,0.008,0.00352,-0.00154
-0.00154,0.00352,0.00352,-0.0003
-0.00154,0.00352,0.00352,-0.0003
-0.00154,0.00352,0.00352,-0.0003
-0.00154,0.00352,0.00352,-0.0003
0.0,0.00278,0.0055,0.00305
0.0,0.00278,0.0055,0.00305
0.0,0.00278,0.0055,0.00305
0.0,0.00278,0.0055,0.00305
0.00278,0.0021,0.00352,0.01024
0.00278,0.0021,0.00352,0.01024
0.00278,0.0021,0.00352,0.01024
0.00278,0.0021,0.00352,0.01024
0.008,0.00217,0.0016,0.03293
0.008,0.00217,0.0016,0.03293
0.008,0.00217,0.0016,0.03293
0.008,0.00217,0.0016,0.03293
0.00755,0.003,0.0,0.04127
0.00755,0.003,0.0,0.04127
0.00755,0.003,0.0,0.04127
0.00755,0.003,0.0,0.04127
0.008,0.00352,-2e-05,0.039
0.008,0.00352,-2e-05,0.039
0.008,0.00352,-2e-05,0.039
0.008,0.00352,-2e-05,0.039
0.00352,0.00352,-0.00099,0.039
0.00352,0.00352,-0.00099,0.039
0.00352,0.00352,-0.00099,0.039
0.00352,0.00352,-0.00099,0.039
0.00278,0.0055,-0.004,0.0255
0.00278,0.0055,-0.004,0.0255
0.00278,0.0055,-0.004,0.0255
0.00278,0.0055,-0.004,0.0255
0.0021,0.00352,-0.00499,0.02366
0.0021,0.00352,-0.00499,0.02366
0.0021,0.00352,-0.00499,0.02366
0.0021,0.00352,-0.00499,0.02366
0.00217,0.0016,-0.0042,0.0225
0.00217,0.0016,-0.0042,0.0225
0.00217,0.0016,-0.0042,0.0225
0.00217,0.0016,-0.0042,0.0225
0.003,0.0,-0.00154,0.025
0.003,0.0,-0.00154,0.025
0.003,0.0,-0.00154,0.025
0.003,0.0,-0.00154,0.025
0.00352,-2e-05,-0.00154,0.02997
0.00352,-2e-05,-0.00154,0.02997
0.00352,-2e-05,-0.00154,0.02997
0.00352,-2e-05,-0.00154,0.02997
0.00352,-0.00099,-0.0003,0.039
0.00352,-0.00099,-0.0003,0.039
0.00352,-0.00099,-0.0003,0.039
0.00352,-0.00099,-0.0003,0.039
0.0055,-0.004,0.00305,0.07213
0.0055,-0.004,0.00305,0.07213
0.0055,-0.004,0.00305,0.07213
0.0055,-0.004,0.00305,0.07213
0.00352,-0.00499,0.01024,0.06512
0.00352,-0.00499,0.01024,0.06512
0.00352,-0.00499,0.01024,0.06512
0.00352,-0.00499,0.01024,0.06512
0.0016,-0.0042,0.03293,0.03398
0.0016,-0.0042,0.03293,0.03398
0.0016,-0.0042,0.03293,0.03398
0.0016,-0.0042,0.03293,0.03398
0.0,-0.00154,0.04127,0.02574
0.0,-0.00154,0.04127,0.02574
0.0,-0.00154,0.04127,0.02574
0.0,-0.00154,0.04127,0.02574
-2e-05,-0.00154,0.039,0.015
-2e-05,-0.00154,0.039,0.015
-2e-05,-0.00154,0.039,0.015
-2e-05,-0.00154,0.039,0.015
-0.00099,-0.0003,0.039,0.01183
-0.00099,-0.0003,0.039,0.01183
-0.00099,-0.0003,0.039,0.01183
-0.00099,-0.0003,0.039,0.01183
-0.004,0.00305,0.0255,0.00812
-0.004,0.00305,0.0255,0.00812
-0.004,0.00305,0.0255,0.00812
-0.004,0.00305,0.0255,0.00812
-0.00499,0.01024,0.02366,0.00656
-0.00499,0.01024,0.02366,0.00656
-0.00499,0.01024,0.02366,0.00656
-0.00499,0.01024,0.02366,0.00656
-0.0042,0.03293,0.0225,0.00927
-0.0042,0.03293,0.0225,0.00927
-0.0042,0.03293,0.0225,0.00927
-0.0042,0.03293,0.0225,0.00927
-0.00154,0.04127,0.025,0.01194
-0.00154,0.04127,0.025,0.01194
-0.00154,0.04127,0.025,0.01194
-0.00154,0.04127,0.025,0.01194
-0.00154,0.039,0.02997,0.02033
-0.00154,0.039,0.02997,0.02033
-0.00154,0.039,0.02997,0.02033
-0.00154,0.039,0.02997,0.02033
-0.0003,0.039,0.039,0.04486
-0.0003,0.039,0.039,0.04486
-0.0003,0.039,0.039,0.04486
-0.0003,0.039,0.039,0.04486
0.00305,0.0255,0.07213,0.07672
0.00305,0.0255,0.07213,0.07672
0.00305,0.0255,0.07213,0.07672
0.00305,0.0255,0.07213,0.07672
0.01024,0.02366,0.06512,0.13409
0.01024,0.02366,0.06512,0.13409
0.01024,0.02366,0.06512,0.13409
0.01024,0.02366,0.06512,0.13409
0.03293,0.0225,0.03398,0.16
0.03293,0.0225,0.03398,0.16
0.03293,0.0225,0.03398,0.16
0.03293,0.0225,0.03398,0.16
0.04127,0.025,0.02574,0.12277
0.04127,0.025,0.02574,0.12277
0.04127,0.025,0.02574,0.12277
0.04127,0.025,0.02574,0.12277
0.039,0.02997,0.015,0.0982
0.039,0.02997,0.015,0.0982
0.039,0.02997,0.015,0.0982
0.039,0.02997,0.015,0.0982
0.039,0.039,0.01183,0.0851
0.039,0.039,0.01183,0.0851
0.039,0.039,0.01183,0.0851
0.039,0.039,0.01183,0.0851
0.0255,0.07213,0.00812,0.07605
0.0255,0.07213,0.00812,0.07605
0.0255,0.07213,0.00812,0.07605
0.0255,0.07213,0.00812,0.07605
0.02366,0.06512,0.00656,0.07173
0.02366,0.06512,0.00656,0.07173
0.02366,0.06512,0.00656,0.07173
0.02366,0.06512,0.00656,0.07173
0.0225,0.03398,0.00927,0.07041
0.0225,0.03398,0.00927,0.07041
0.0225,0.03398,0.00927,0.07041
0.0225,0.03398,0.00927,0.07041
0.025,0.02574,0.01194,0.07306
0.025,0.02574,0.01194,0.07306
0.025,0.02574,0.01194,0.07306
0.025,0.02574,0.01194,0.07306
0.02997,0.015,0.02033,0.066
0.02997,0.015,0.02033,0.066
0.02997,0.015,0.02033,0.066
0.02997,0.015,0.02033,0.066
0.039,0.01183,0.04486,0.08448
0.039,0.01183,0.04486,0.08448
0.039,0.01183,0.04486,0.08448
0.039,0.01183,0.04486,0.08448
0.07213,0.00812,0.07672,0.1159
0.07213,0.00812,0.07672,0.1159
0.07213,0.00812,0.07672,0.1159
0.07213,0.00812,0.07672,0.1159
0.06512,0.00656,0.13409,0.1266
0.06512,0.00656,0.13409,0.1266
0.06512,0.00656,0.13409,0.1266
0.06512,0.00656,0.13409,0.1266
0.03398,0.00927,0.16,0.08351
0.03398,0.00927,0.16,0.08351
0.03398,0.00927,0.16,0.08351
0.03398,0.00927,0.16,0.08351
0.02574,0.01194,0.12277,0.0697
0.02574,0.01194,0.12277,0.0697
0.02574,0.01194,0.12277,0.0697
0.02574,0.01194,0.12277,0.0697
0.015,0.02033,0.0982,0.045
0.015,0.02033,0.0982,0.045
0.015,0.02033,0.0982,0.045
0.015,0.02033,0.0982,0.045
0.01183,0.04486,0.0851,0.03
0.01183,0.04486,0.0851,0.03
0.01183,0.04486,0.0851,0.03
0.01183,0.04486,0.0851,0.03
0.00812,0.07672,0.07605,0.02037
0.00812,0.07672,0.07605,0.02037
0.00812,0.07672,0.07605,0.02037
0.00812,0.07672,0.07605,0.02037
0.00656,0.13409,0.07173,0.015
0.00656,0.13409,0.07173,0.015
0.00656,0.13409,0.07173,0.015
0.00656,0.13409,0.07173,0.015
0.00927,0.16,0.07041,0.00511
0.00927,0.16,0.07041,0.00511
0.00927,0.16,0.07041,0.00511
0.00927,0.16,0.07041,0.00511
0.01194,0.12277,0.07306,0.00431
0.01194,0.12277,0.07306,0.00431
0.01194,0.12277,0.07306,0.00431
0.01194,0.12277,0.07306,0.00431
0.02033,0.0982,0.066,0.00579
0.02033,0.0982,0.066,0.00579
0.02033,0.0982,0.066,0.00579
0.02033,0.0982,0.066,0.00579
0.04486,0.0851,0.08448,0.0217
0.04486,0.0851,0.08448,0.0217
0.04486,0.0851,0.08448,0.0217
0.04486,0.0851,0.08448,0.0217
0.07672,0.07605,0.1159,0.06
0.07672,0.07605,0.1159,0.06
0.07672,0.07605,0.1159,0.06
0.07672,0.07605,0.1159,0.06
0.13409,0.07173,0.1266,0.09999
0.13409,0.07173,0.1266,0.09999
0.13409,0.07173,0.1266,0.09999
0.13409,0.07173,0.1266,0.09999
0.16,0.07041,0.08351,0.13004
0.16,0.07041,0.08351,0.13004
0.16,0.07041,0.08351,0.13004
0.16,0.07041,0.08351,0.13004
0.12277,0.07306,0.0697,0.10503
0.12277,0.07306,0.0697,0.10503
0.12277,0.07306,0.0697,0.10503
0.12277,0.07306,0.0697,0.10503
0.0982,0.066,0.045,0.07581
0.0982,0.066,0.045,0.07581
0.0982,0.066,0.045,0.07581
0.0982,0.066,0.045,0.07581
0.0851,0.08448,0.03,0.07284
0.0851,0.08448,0.03,0.07284
0.0851,0.08448,0.03,0.07284
0.0851,0.08448,0.03,0.07284
0.07605,0.1159,0.02037,0.0624
0.07605,0.1159,0.02037,0.0624
0.07605,0.1159,0.02037,0.0624
0.07605,0.1159,0.02037,0.0624
0.07173,0.1266,0.015,0.06098
0.07173,0.1266,0.015,0.06098
0.07173,0.1266,0.015,0.06098
0.07173,0.1266,0.015,0.06098
0.07041,0.08351,0.00511,0.05317
0.07041,0.08351,0.00511,0.05317
0.07041,0.08351,0.00511,0.05317
0.07041,0.08351,0.00511,0.05317
0.07306,0.0697,0.00431,0.05092
0.07306,0.0697,0.00431,0.05092
0.07306,0.0697,0.00431,0.05092
0.07306,0.0697,0.00431,0.05092
0.066,0.045,0.00579,0.05317
0.066,0.045,0.00579,0.05317
0.066,0.045,0.00579,0.05317
0.066,0.045,0.00579,0.05317
0.08448,0.03,0.0217,0.073
0.08448,0.03,0.0217,0.073
0.08448,0.03,0.0217,0.073
0.08448,0.03,0.0217,0.073
0.1159,0.02037,0.06,0.08024
0.1159,0.02037,0.06,0.08024
0.1159,0.02037,0.06,0.08024
0.1159,0.02037,0.06,0.08024
0.1266,0.015,0.09999,0.06711
0.1266,0.015,0.09999,0.06711
0.1266,0.015,0.09999,0.06711
0.1266,0.015,0.09999,0.06711
0.08351,0.00511,0.13004,0.045
0.08351,0.00511,0.13004,0.045
0.08351,0.00511,0.13004,0.045
0.08351,0.00511,0.13004,0.045
0.0697,0.00431,0.10503,0.0115
0.0697,0.00431,0.10503,0.0115
0.0697,0.00431,0.10503,0.0115
0.0697,0.00431,0.10503,0.0115
0.045,0.00579,0.07581,0.00431
0.045,0.00579,0.07581,0.00431
0.045,0.00579,0.07581,0.00431
0.045,0.00579,0.07581,0.00431
0.03,0.0217,0.07284,0.00065
0.03,0.0217,0.07284,0.00065
0.03,0.0217,0.07284,0.00065
0.03,0.0217,0.07284,0.00065
0.02037,0.06,0.0624,0.00028
0.02037,0.06,0.0624,0.00028
0.02037,0.06,0.0624,0.00028
0.02037,0.06,0.0624,0.00028
0.015,0.09999,0.06098,1e-05
0.015,0.09999,0.06098,1e-05
0.015,0.09999,0.06098,1e-05
0.015,0.09999,0.06098,1e-05
0.00511,0.13004,0.05317,4e-05
0.00511,0.13004,0.05317,4e-05
0.00511,0.13004,0.05317,4e-05
0.00511,0.13004,0.05317,4e-05
0.00431,0.10503,0.05092,4e-05
0.00431,0.10503,0.05092,4e-05
0.00431,0.10503,0.05092,4e-05
0.00431,0.10503,0.05092,4e-05
0.00579,0.07581,0.05317,1e-05
0.00579,0.07581,0.05317,1e-05
0.00579,0.07581,0.05317,1e-05
0.00579,0.07581,0.05317,1e-05
0.0217,0.07284,0.073,0.00352
0.0217,0.07284,0.073,0.00352
0.0217,0.07284,0.073,0.00352
0.0217,0.07284,0.073,0.00352
0.06,0.0624,0.08024,0.03124
0.06,0.0624,0.08024,0.03124
0.06,0.0624,0.08024,0.03124
0.06,0.0624,0.08024,0.03124
0.09999,0.06098,0.06711,0.08873
0.09999,0.06098,0.06711,0.08873
0.09999,0.06098,0.06711,0.08873
0.09999,0.06098,0.06711,0.08873
0.13004,0.05317,0.045,0.1167
0.13004,0.05317,0.045,0.1167
0.13004,0.05317,0.045,0.1167
0.13004,0.05317,0.045,0.1167
0.10503,0.05092,0.0115,0.10558
0.10503,0.05092,0.0115,0.10558
0.10503,0.05092,0.0115,0.10558
0.10503,0.05092,0.0115,0.10558
0.07581,0.05317,0.00431,0.08024
0.07581,0.05317,0.00431,0.08024
0.07581,0.05317,0.00431,0.08024
0.07581,0.05317,0.00431,0.08024
0.07284,0.073,0.00065,0.07524
0.07284,0.073,0.00065,0.07524
0.07284,0.073,0.00065,0.07524
0.07284,0.073,0.00065,0.07524
0.0624,0.08024,0.00028,0.05589
0.0624,0.08024,0.00028,0.05589
0.0624,0.08024,0.00028,0.05589
0.0624,0.08024,0.00028,0.05589
0.06098,0.06711,1e-05,0.0455
0.06098,0.06711,1e-05,0.0455
0.06098,0.06711,1e-05,0.0455
0.06098,0.06711,1e-05,0.0455
0.05317,0.045,4e-05,0.04746
0.05317,0.045,4e-05,0.04746
0.05317,0.045,4e-05,0.04746
0.05317,0.045,4e-05,0.04746
0.05092,0.0115,4e-05,0.04746
0.05092,0.0115,4e-05,0.04746
0.05092,0.0115,4e-05,0.04746
0.05092,0.0115,4e-05,0.04746
0.05317,0.00431,1e-05,0.05317
0.05317,0.00431,1e-05,0.05317
0.05317,0.00431,1e-05,0.05317
0.05317,0.00431,1e-05,0.05317
0.073,0.00065,0.00352,0.06574
0.073,0.00065,0.00352,0.06574
0.073,0.00065,0.00352,0.06574
0.073,0.00065,0.00352,0.06574
0.08024,0.00028,0.03124,0.095
0.08024,0.00028,0.03124,0.095
0.08024,0.00028,0.03124,0.095
0.08024,0.00028,0.03124,0.095
0.06711,1e-05,0.08873,0.07133
0.06711,1e-05,0.08873,0.07133
0.06711,1e-05,0.08873,0.07133
0.06711,1e-05,0.08873,0.07133
0.045,4e-05,0.1167,0.01997
0.045,4e-05,0.1167,0.01997
0.045,4e-05,0.1167,0.01997
0.045,4e-05,0.1167,0.01997
0.0115,4e-05,0.10558,0.00395
0.0115,4e-05,0.10558,0.00395
0.0115,4e-05,0.10558,0.00395
0.0115,4e-05,0.10558,0.00395
0.00431,1e-05,0.08024,0.0001
0.00431,1e-05,0.08024,0.0001
0.00431,1e-05,0.08024,0.0001
0.00431,1e-05,0.08024,0.0001
0.00065,0.00352,0.07524,4e-05
0.00065,0.00352,0.07524,4e-05
0.00065,0.00352,0.07524,4e-05
0.00065,0.00352,0.07524,4e-05
0.00028,0.03124,0.05589,0.0
0.00028,0.03124,0.05589,0.0
0.00028,0.03124,0.05589,0.0
0.00028,0.03124,0.05589,0.0
1e-05,0.08873,0.0455,0.0
1e-05,0.08873,0.0455,0.0
1e-05,0.08873,0.0455,0.0
1e-05,0.08873,0.0455,0.0
4e-05,0.1167,0.04746,0.0
4e-05,0.1167,0.04746,0.0
4e-05,0.1167,0.04746,0.0
4e-05,0.1167,0.04746,0.0
4e-05,0.10558,0.04746,0.0
4e-05,0.10558,0.04746,0.0
4e-05,0.10558,0.04746,0.0
4e-05,0.10558,0.04746,0.0
1e-05,0.08024,0.05317,0.0
1e-05,0.08024,0.05317,0.0
1e-05,0.08024,0.05317,0.0
1e-05,0.08024,0.05317,0.0
0.00352,0.07524,0.06574,0.00352
0.00352,0.07524,0.06574,0.00352
0.00352,0.07524,0.06574,0.00352
0.00352,0.07524,0.06574,0.00352
0.03124,0.05589,0.095,0.04746
0.03124,0.05589,0.095,0.04746
0.03124,0.05589,0.095,0.04746
0.03124,0.05589,0.095,0.04746
0.08873,0.0455,0.07133,0.10235
0.08873,0.0455,0.07133,0.10235
0.08873,0.0455,0.07133,0.10235
0.08873,0.0455,0.07133,0.10235
0.1167,0.04746,0.01997,0.11448
0.1167,0.04746,0.01997,0.11448
0.1167,0.04746,0.01997,0.11448
0.1167,0.04746,0.01997,0.11448
0.10558,0.04746,0.00395,0.10653
0.10558,0.04746,0.00395,0.10653
0.10558,0.04746,0.00395,0.10653
0.10558,0.04746,0.00395,0.10653
0.08024,0.05317,0.0001,0.0931
0.08024,0.05317,0.0001,0.0931
0.08024,0.05317,0.0001,0.0931
0.08024,0.05317,0.0001,0.0931
0.07524,0.06574,4e-05,0.07424
0.07524,0.06574,4e-05,0.07424
0.07524,0.06574,4e-05,0.07424
0.07524,0.06574,4e-05,0.07424
0.05589,0.095,0.0,0.06501
0.05589,0.095,0.0,0.06501
0.05589,0.095,0.0,0.06501
0.05589,0.095,0.0,0.06501
0.0455,0.07133,0.0,0.06939
0.0455,0.07133,0.0,0.06939
0.0455,0.07133,0.0,0.06939
0.0455,0.07133,0.0,0.06939
0.04746,0.01997,0.0,0.06131
0.04746,0.01997,0.0,0.06131
0.04746,0.01997,0.0,0.06131
0.04746,0.01997,0.0,0.06131
0.04746,0.00395,0.0,0.0652
0.04746,0.00395,0.0,0.0652
0.04746,0.00395,0.0,0.0652
0.04746,0.00395,0.0,0.0652
0.05317,0.0001,0.0,0.07299
0.05317,0.0001,0.0,0.07299
0.05317,0.0001,0.0,0.07299
0.05317,0.0001,0.0,0.07299
0.06574,4e-05,0.00352,0.07299
0.06574,4e-05,0.00352,0.07299
0.06574,4e-05,0.00352,0.07299
0.06574,4e-05,0.00352,0.07299
0.095,0.0,0.04746,0.08351
0.095,0.0,0.04746,0.08351
0.095,0.0,0.04746,0.08351
0.095,0.0,0.04746,0.08351
0.07133,0.0,0.10235,0.07887
0.07133,0.0,0.10235,0.07887
0.07133,0.0,0.10235,0.07887
0.07133,0.0,0.10235,0.07887
0.01997,0.0,0.11448,0.0405
0.01997,0.0,0.11448,0.0405
0.01997,0.0,0.11448,0.0405
0.01997,0.0,0.11448,0.0405
0.00395,0.0,0.10653,0.015
0.00395,0.0,0.10653,0.015
0.00395,0.0,0.10653,0.015
0.00395,0.0,0.10653,0.015
0.0001,0.0,0.0931,0.00065
0.0001,0.0,0.0931,0.00065
0.0001,0.0,0.0931,0.00065
0.0001,0.0,0.0931,0.00065
4e-05,0.00352,0.07424,0.0
4e-05,0.00352,0.07424,0.0
4e-05,0.00352,0.07424,0.0
4e-05,0.00352,0.07424,0.0
0.0,0.04746,0.06501,0.0
0.0,0.04746,0.06501,0.0
0.0,0.04746,0.06501,0.0
0.0,0.04746,0.06501,0.0
0.0,0.10235,0.06939,-1e-05
0.0,0.10235,0.06939,-1e-05
0.0,0.10235,0.06939,-1e-05
0.0,0.10235,0.06939,-1e-05
0.0,0.11448,0.06131,-0.00012
0.0,0.11448,0.06131,-0.00012
0.0,0.11448,0.06131,-0.00012
0.0,0.11448,0.06131,-0.00012
0.0,0.10653,0.0652,-0.00021
0.0,0.10653,0.0652,-0.00021
0.0,0.10653,0.0652,-0.00021
0.0,0.10653,0.0652,-0.00021
0.0,0.0931,0.07299,-1e-05
0.0,0.0931,0.07299,-1e-05
0.0,0.0931,0.07299,-1e-05
0.0,0.0931,0.07299,-1e-05
0.00352,0.07424,0.07299,0.0
0.00352,0.07424,0.07299,0.0
0.00352,0.07424,0.07299,0.0
0.00352,0.07424,0.07299,0.0
0.04746,0.06501,0.08351,0.02008
0.04746,0.06501,0.08351,0.02008
0.04746,0.06501,0.08351,0.02008
0.04746,0.06501,0.08351,0.02008
0.10235,0.06939,0.07887,0.04403
0.10235,0.06939,0.07887,0.04403
0.10235,0.06939,0.07887,0.04403
0.10235,0.06939,0.07887,0.04403
0.11448,0.06131,0.0405,0.04746
0.11448,0.06131,0.0405,0.04746
0.11448,0.06131,0.0405,0.04746
0.11448,0.06131,0.0405,0.04746
0.10653,0.0652,0.015,0.04746
0.10653,0.0652,0.015,0.04746
0.10653,0.0652,0.015,0.04746
0.10653,0.0652,0.015,0.04746
0.0931,0.07299,0.00065,0.0407
0.0931,0.07299,0.00065,0.0407
0.0931,0.07299,0.00065,0.0407
0.0931,0.07299,0.00065,0.0407
0.07424,0.07299,0.0,0.01986
0.07424,0.07299,0.0,0.01986
0.07424,0.07299,0.0,0.01986
0.07424,0.07299,0.0,0.01986
0.06501,0.08351,0.0,0.00783
0.06501,0.08351,0.0,0.00783
0.06501,0.08351,0.0,0.00783
0.06501,0.08351,0.0,0.00783
0.06939,0.07887,-1e-05,0.0053
